case,run,seed,area_cells,buildings,perimeter_m,compactness
Esperanza High Uncertainty,0,1122842134,414078,3819,1261346.2955567874,0.002943512323205034
Esperanza High Uncertainty,1,3245850790,349174,8440,1323330.2933521506,0.0022550582407323727
Esperanza High Uncertainty,2,2189513490,393004,7383,1426402.115785555,0.0021845671331502344
Esperanza High Uncertainty,3,3366038479,313639,6632,1158233.3843911116,0.0026441754981261036
Esperanza High Uncertainty,4,671840265,339810,5831,1182306.1506006883,0.0027493411413127295
Esperanza High Uncertainty,5,4097898094,321412,5101,1104118.28053244,0.0029818326091932148
Esperanza High Uncertainty,6,1203825534,325605,4456,1088889.3952612714,0.0031058172828936285
Esperanza High Uncertainty,7,3950925313,284342,5977,1054994.139883591,0.00288930435849009
Esperanza High Uncertainty,8,3519794900,344493,5736,1202137.4622787302,0.0026960287084579456
Esperanza High Uncertainty,9,699549296,304296,3434,949791.8001318991,0.003814975781734679
Esperanza High Uncertainty,10,3412570818,367504,4411,1193987.756651241,0.0029155110844105276
Esperanza High Uncertainty,11,2119780079,312831,4178,1026711.659381005,0.0033563339704487634
Esperanza High Uncertainty,12,2676529972,305192,4556,1037291.213489472,0.003207924366997941
Esperanza High Uncertainty,13,306592832,293161,3763,949036.4386653925,0.003681228643191774
Esperanza High Uncertainty,14,6528390,341357,4400,1126307.3800838604,0.0030433179455185647
Esperanza High Uncertainty,15,3696403335,360483,2656,1086718.5835704769,0.0034522558519488517
Esperanza High Uncertainty,16,1851559033,293074,3145,905541.1832877116,0.004042157693844072
Esperanza High Uncertainty,17,1272864914,338762,4132,1093076.3000171038,0.003206609726253871
Esperanza High Uncertainty,18,3644117193,294713,6237,1078303.7480877715,0.0028666154498813335
Esperanza High Uncertainty,19,234361855,320647,6151,1145501.992620799,0.002763680641342542
Esperanza High Uncertainty,20,3593539623,294481,4714,1020032.4083105703,0.003200970797196026
Esperanza High Uncertainty,21,3905599749,303190,2123,904226.3932351985,0.004193849947409294
Esperanza High Uncertainty,22,547938065,288504,2861,871514.8131811947,0.004295904971156512
Esperanza High Uncertainty,23,2468058994,318022,5176,1096922.3303209029,0.002989219334955208
Esperanza High Uncertainty,24,3012193475,332469,5865,1168673.4471523375,0.002753069512502981
Esperanza High Uncertainty,25,3321565591,248060,2458,754246.317603239,0.004931541768046284
Esperanza High Uncertainty,26,3677007535,360368,8174,1354954.3799052916,0.00221998094450652
Esperanza High Uncertainty,27,528618997,391680,4344,1253510.9340902804,0.0028192105793516807
Esperanza High Uncertainty,28,1603421478,318776,5488,1111656.6571508483,0.002917404470158734
Esperanza High Uncertainty,29,1039047061,447453,6893,1498212.2607416534,0.002254514869432088
Esperanza High Uncertainty,30,318220235,383725,7912,1425443.7305016306,0.0021358576857988935
Esperanza High Uncertainty,31,2628243030,323854,2693,996573.0143866353,0.003687936146309447
Esperanza High Uncertainty,32,2554330746,320046,5636,1121589.0034654527,0.0028773804720947536
Esperanza High Uncertainty,33,1660585416,339360,4647,1122490.2523822612,0.0030461260313832212
Esperanza High Uncertainty,34,1255935792,324658,6081,1153134.999107183,0.002761329133331448
Esperanza High Uncertainty,35,691057255,374677,3977,1207391.7891086708,0.0029067854087075793
Esperanza High Uncertainty,36,859398050,311935,3258,970428.1789039316,0.003746188982013467
Esperanza High Uncertainty,37,2361111931,357808,5575,1232230.9687523586,0.0026651286694186877
Esperanza High Uncertainty,38,3251237171,342671,3347,1077482.2047984407,0.003338178170801598
Esperanza High Uncertainty,39,2527644876,340569,1692,972414.2092077315,0.004073379703420597
Esperanza High Uncertainty,40,3361855802,402509,4402,1280404.583417407,0.002776729209313779
Esperanza High Uncertainty,41,3918929966,332120,5719,1176164.0986586006,0.002715260895533847
Esperanza High Uncertainty,42,2210666462,335973,6449,1206771.2003636449,0.002609197035624425
Esperanza High Uncertainty,43,3224813007,322825,5838,1125860.546754778,0.00288038361713703
Esperanza High Uncertainty,44,2886014536,285873,3163,898391.9235517563,0.0040058421753724855
Esperanza High Uncertainty,45,235796192,343294,6955,1262859.9081192447,0.002434491342973752
Esperanza High Uncertainty,46,2029557069,302454,5690,1056143.39961954,0.0030666621108803084
Esperanza High Uncertainty,47,549928392,314451,4404,1030311.659381004,0.0033501798691436004
Esperanza High Uncertainty,48,3168641026,278143,2303,829898.8976317323,0.004567411411333385
Esperanza High Uncertainty,49,268669314,319722,2028,940127.8391012214,0.004091203366358848
Esperanza High Uncertainty,50,1351013542,415852,6641,1396106.6201310677,0.0024129815156811946
Esperanza High Uncertainty,51,995079351,330286,4450,1097351.3757766085,0.0031020665732912475
Esperanza High Uncertainty,52,1126623133,306242,7801,1174859.3259371293,0.0025092584111257713
Esperanza High Uncertainty,53,2243387750,333387,2473,996454.9949019775,0.003797393979962421
Esperanza High Uncertainty,54,3094409818,272299,2701,830558.5945936996,0.004464346208009146
Esperanza High Uncertainty,55,2279751698,317780,7717,1244469.2652785042,0.002320655014420643
Esperanza High Uncertainty,56,796131368,330023,7697,1256039.9167847633,0.0023658635778496945
Esperanza High Uncertainty,57,2311298471,313874,3344,980391.6226163283,0.0036932485192141895
Esperanza High Uncertainty,58,2170977567,324190,8440,1278425.037974468,0.0022433728130599583
Esperanza High Uncertainty,59,3069203500,284290,2485,869301.3608032794,0.004254742074928799
Esperanza High Uncertainty,60,4052602949,298163,7131,1144164.0532284083,0.002575903116461313
Esperanza High Uncertainty,61,1543297899,255358,3146,863460.1292175048,0.003873622231121377
Esperanza High Uncertainty,62,1435598963,331425,4974,1103374.6766355084,0.0030788718562030906
Esperanza High Uncertainty,63,1446333894,334299,5426,1162853.9644706193,0.002795999537697748
Esperanza High Uncertainty,64,3159706571,357730,4153,1156167.8627400673,0.0030266761126492986
Esperanza High Uncertainty,65,3037518975,318189,5700,1095950.7870315784,0.0029960939625613024
Esperanza High Uncertainty,66,690513291,299969,5341,1040277.9039650534,0.003134945541167848
Esperanza High Uncertainty,67,2940096248,393983,7365,1410294.7023769626,0.0022403202644116107
Esperanza High Uncertainty,68,3246090139,307156,4943,1058005.165854632,0.003103386026481425
Esperanza High Uncertainty,69,1021653872,315724,6710,1161520.2891469405,0.002646710066239215
Esperanza High Uncertainty,70,1887069484,297645,3942,996981.2568170638,0.003386701947822346
Esperanza High Uncertainty,71,405613015,295385,2284,885230.3889279474,0.004263126133425327
Esperanza High Uncertainty,72,2781770038,319089,3452,1008669.8390501995,0.003547040413463269
Esperanza High Uncertainty,73,3139365906,396618,5942,1349039.2327190274,0.0024647656547945418
Esperanza High Uncertainty,74,165444352,274367,3447,867308.7828773923,0.0041251216401217775
Esperanza High Uncertainty,75,3978370862,348425,5524,1184954.6787381116,0.002806455769360205
Esperanza High Uncertainty,76,3592738377,329224,7246,1221488.4709187404,0.002495543337575469
Esperanza High Uncertainty,77,2172465567,372385,6329,1308598.2500755785,0.002459415365121366
Esperanza High Uncertainty,78,4041967838,364071,4496,1186406.7393457156,0.0029253056508412923
Esperanza High Uncertainty,79,1426295244,346724,5439,1197543.3497290313,0.0027343480296134156
Esperanza High Uncertainty,80,2357938559,401089,3346,1237994.2609457353,0.002959755676294221
Esperanza High Uncertainty,81,3549122779,259914,3877,863162.5382933426,0.003945453047488924
Esperanza High Uncertainty,82,653016069,305404,2672,943742.3975424436,0.0038781103456219062
Esperanza High Uncertainty,83,3941513547,388707,7871,1438569.600620902,0.0021242859550700123
Esperanza High Uncertainty,84,2983374959,389751,6626,1363781.9361673812,0.002370007629689489
Esperanza High Uncertainty,85,2191930321,295680,5431,1021101.8109000179,0.003207275229997342
Esperanza High Uncertainty,86,2193401050,334884,4915,1139549.717732944,0.0029166224618908158
Esperanza High Uncertainty,87,493502732,369112,6994,1329864.9946468733,0.002360453389443907
Esperanza High Uncertainty,88,3170765833,314547,7552,1219913.3323980032,0.0023904516583012135
Esperanza High Uncertainty,89,2009860456,287324,6066,1049347.743780519,0.002951110091300877
Esperanza High Uncertainty,90,388119940,312746,3073,989181.2568170634,0.00361486747249206
Esperanza High Uncertainty,91,1517941648,313061,4475,1041437.6723537695,0.003264485730216699
Esperanza High Uncertainty,92,3233479940,414397,8963,1545402.1459873186,0.0019623928561178874
Esperanza High Uncertainty,93,44780217,301856,2955,920563.6637902937,0.004028510770591947
Esperanza High Uncertainty,94,2177960169,387513,7939,1409599.5551907078,0.002205703548589117
Esperanza High Uncertainty,95,3367636084,356113,5676,1230035.0012097852,0.002661982904898302
Esperanza High Uncertainty,96,2422594728,323784,3081,1018392.551164067,0.0035308342383644025
Esperanza High Uncertainty,97,2663185049,352308,2524,1066986.4688671567,0.003499911434714194
Esperanza High Uncertainty,98,1508433522,275185,2333,845950.4235900197,0.0043489789577381725
Esperanza High Uncertainty,99,1025565632,345548,6094,1226869.8626890476,0.002596353128514576
Esperanza High Uncertainty,100,2889361026,307124,3450,990537.6529201306,0.003540170274700998
Esperanza High Uncertainty,101,1856857106,360904,7515,1303602.8085168053,0.0024018921017988737
Esperanza High Uncertainty,102,2779330142,349610,7780,1306034.940551164,0.0023180704362238086
Esperanza High Uncertainty,103,6929000,347961,6261,1240204.8496907705,0.0025585628705949884
Esperanza High Uncertainty,104,1129400041,312200,2755,967762.0771733779,0.0037700583557975175
Esperanza High Uncertainty,105,1897050470,315469,5274,1088324.542447527,0.0030122583488791906
Esperanza High Uncertainty,106,2390817433,338663,5153,1172596.2306929557,0.0027856281147159473
Esperanza High Uncertainty,107,3176586770,327569,4134,1065968.0208219993,0.0032603694595472648
Esperanza High Uncertainty,108,2300629342,398923,4679,1284149.221950901,0.0027359645373020523
Esperanza High Uncertainty,109,2602844355,287003,4193,963184.2893000001,0.0034988073455249507
Esperanza High Uncertainty,110,1364036392,311277,4968,1041695.0316666495,0.0032442791841055755
Esperanza High Uncertainty,111,1528614907,342140,9066,1346411.9621639405,0.0021345203596389267
Esperanza High Uncertainty,112,48126403,399633,5800,1312062.3539597513,0.0026254561377859367
Esperanza High Uncertainty,113,2161568140,301909,5350,1032793.7113230911,0.0032011149040712004
Esperanza High Uncertainty,114,436939566,367141,5779,1250170.63971777,0.0026567254091587
Esperanza High Uncertainty,115,1843380401,299039,4891,1032786.217822232,0.0031707305540608997
Esperanza High Uncertainty,116,4259700408,351472,7848,1329192.0509217235,0.00224992289679013
Esperanza High Uncertainty,117,658661982,314916,2850,993487.9472926462,0.0036084599915155394
Esperanza High Uncertainty,118,3003675215,386534,6735,1358221.8820716683,0.0023697287002831763
Esperanza High Uncertainty,119,913256082,349702,5233,1182346.596492221,0.002829181948922343
Esperanza High Uncertainty,120,1773196902,335357,6768,1223209.7999278186,0.0025348825731545247
Esperanza High Uncertainty,121,321430213,383370,6569,1354528.3496014855,0.0023631663844243017
Esperanza High Uncertainty,122,56393864,395483,7372,1428029.4577673983,0.00219333950448809
Esperanza High Uncertainty,123,3637657364,302407,4730,1003702.4169760867,0.0033949569642422804
Esperanza High Uncertainty,124,3262002585,322229,5657,1108566.9601888822,0.0029654672734684964
Esperanza High Uncertainty,125,3465874180,384850,4956,1277633.5574463638,0.0026664364903159505
Esperanza High Uncertainty,126,2813820847,303594,5518,1054916.2632524238,0.0030853865517193983
Esperanza High Uncertainty,127,731569193,412290,6514,1427831.7326552535,0.0022871840585906643
Esperanza High Uncertainty,128,1366449190,256171,4294,885084.8045156766,0.003698388821167632
Esperanza High Uncertainty,129,563893640,317061,6274,1114322.0272828736,0.002887844255206318
Esperanza High Uncertainty,130,3273043515,364509,5608,1258361.1570360507,0.002603454674839196
Esperanza High Uncertainty,131,956060505,367412,6665,1283134.15485692,0.0025238386071968267
Esperanza High Uncertainty,132,1692550162,302459,6248,1071393.0251547594,0.0029800342525495437
Esperanza High Uncertainty,133,923709066,334976,3961,1058333.765418805,0.0033823672558570173
Esperanza High Uncertainty,134,1283553735,297882,2941,960354.8152838019,0.0036528614317415677
Esperanza High Uncertainty,135,3851331848,323586,2570,989980.2936072511,0.0037341262530353725
Esperanza High Uncertainty,136,4141937569,286799,3141,890151.1205264792,0.0040935728203915925
Esperanza High Uncertainty,137,840189896,360257,5952,1259468.293403167,0.002568563601905385
Esperanza High Uncertainty,138,1316088873,403863,5737,1347065.7803411128,0.002517148471748069
Esperanza High Uncertainty,139,40311363,436406,6148,1455044.5702915809,0.0023312588245528384
Esperanza High Uncertainty,140,2402446079,326214,6449,1174474.1073241208,0.002674656876637312
Esperanza High Uncertainty,141,3196184608,320242,3088,998695.5836470063,0.003631319017577529
Esperanza High Uncertainty,142,2033074977,358222,5573,1216885.312913336,0.0027359321876112173
Esperanza High Uncertainty,143,242283370,347673,4843,1169829.7718286566,0.0028732803238381154
Esperanza High Uncertainty,144,2222017282,335429,6467,1177347.9255012993,0.0027368017261609695
Esperanza High Uncertainty,145,1185998118,315721,2940,991752.9429598862,0.0036303529277626197
Esperanza High Uncertainty,146,2409336087,316936,5781,1101411.0013118265,0.0029547798301725304
Esperanza High Uncertainty,147,3721049379,295525,6700,1110561.8844293768,0.0027099487115744745
Esperanza High Uncertainty,148,3179224031,307627,2259,964762.3802114092,0.003737972509292149
Esperanza High Uncertainty,149,4240607042,305318,5026,1043954.6572018681,0.003168410983877105
Esperanza High Uncertainty,150,601688216,387976,6276,1335039.2500500653,0.0024618929599683984
Esperanza High Uncertainty,151,2861856396,329291,5691,1145649.128987915,0.002837454956005771
Esperanza High Uncertainty,152,3059754002,295673,3249,961196.0642006097,0.0036194290987096862
Esperanza High Uncertainty,153,1074182239,361992,8740,1400151.1071455514,0.0020883415526934805
Esperanza High Uncertainty,154,750434933,302430,4430,1003217.1182708126,0.003398500786490146
Esperanza High Uncertainty,155,4231283473,307279,1954,899677.7222442765,0.004293498554091429
Esperanza High Uncertainty,156,972687738,394172,7262,1402092.7932883734,0.0022676949362906863
Esperanza High Uncertainty,157,2230360979,325237,7251,1212622.083481193,0.002501504991464409
Esperanza High Uncertainty,158,704963609,372104,7822,1374276.9405001416,0.002228271949914665
Esperanza High Uncertainty,159,2354487467,362657,4989,1220441.3345516194,0.002753687301273034
Esperanza High Uncertainty,160,4117244657,437259,4191,1356157.0920191496,0.002688878210312075
Esperanza High Uncertainty,161,2757107527,323534,2580,1005956.5295257845,0.0036158788646096962
Esperanza High Uncertainty,162,992152471,361653,3741,1130984.5792122055,0.003197651122690734
Esperanza High Uncertainty,163,3680396161,327998,2691,1015717.4039778117,0.003595653063774013
Esperanza High Uncertainty,164,2826070718,362815,2214,1081446.897427652,0.0035085462788019906
Esperanza High Uncertainty,165,1547670242,406654,9221,1544229.5853924723,0.001928651167914916
Esperanza High Uncertainty,166,2140375624,335736,5467,1150367.505606322,0.0028693073705415304
Esperanza High Uncertainty,167,1024175073,313839,2783,944651.6572783997,0.003977552339552497
Esperanza High Uncertainty,168,4090021562,321400,4211,1045458.1896720513,0.0033257140700376168
Esperanza High Uncertainty,169,3874791030,309161,6657,1138596.2653550308,0.0026971032161172285
Esperanza High Uncertainty,170,2351197246,301089,5771,1061698.5468058002,0.003020958900917085
Esperanza High Uncertainty,171,2853948086,270402,4196,926567.9278590045,0.0035621134396758626
Esperanza High Uncertainty,172,2729447301,371559,5273,1246649.3994664773,0.0027039054086359995
Esperanza High Uncertainty,173,1672718069,343347,7324,1286181.2111317692,0.0023473686955202207
Esperanza High Uncertainty,174,2338487202,330090,2205,959418.3304229468,0.004055727034382552
Esperanza High Uncertainty,175,628681883,339230,4436,1118171.5012990716,0.0030685258576574085
Esperanza High Uncertainty,176,3501755952,370631,6536,1297718.910247355,0.00248904557369381
Esperanza High Uncertainty,177,2967317986,280156,1600,810908.3175522187,0.004818465917406618
Esperanza High Uncertainty,178,1366620781,324444,5990,1149971.6268215359,0.0027747117305183017
Esperanza High Uncertainty,179,74982894,359037,3609,1130453.6246679095,0.003177503799130855
Esperanza High Uncertainty,180,4033457191,348599,7344,1273378.7933904142,0.002431438474284576
Esperanza High Uncertainty,181,258429959,292259,2875,884405.6789677041,0.00422588060058713
Esperanza High Uncertainty,182,217436898,329572,4224,1073846.5402939047,0.0032323489298806615
Esperanza High Uncertainty,183,1113054304,401164,6828,1403994.7023769633,0.0023016717548951997
Esperanza High Uncertainty,184,1447334967,322311,6198,1133128.986134414,0.0028390222921442455
Esperanza High Uncertainty,185,1857191052,370851,6485,1309134.3518061289,0.002447278472881842
Esperanza High Uncertainty,186,3007051239,332700,4149,1065389.858483837,0.003315034538354049
Esperanza High Uncertainty,187,571020160,309586,6344,1123702.3129898713,0.002772880392419804
Esperanza High Uncertainty,188,752304150,276506,5326,1018852.479737319,0.0030125503869445794
Esperanza High Uncertainty,189,3437819979,287897,4693,955577.3845441681,0.003565806621997572
Esperanza High Uncertainty,190,2198473558,330983,2865,1008793.8888386671,0.00367835106380441
Esperanza High Uncertainty,191,1801319322,342401,3009,1021150.6961711927,0.003713707735882073
Esperanza High Uncertainty,192,3322393551,344390,5803,1203849.5943130862,0.0026875617061656166
Esperanza High Uncertainty,193,3666521653,346008,3816,1093222.4017476528,0.003274322622856129
Esperanza High Uncertainty,194,2989491602,347412,3405,1082274.4082595462,0.003354458401617597
Esperanza High Uncertainty,195,3640334646,286566,5168,984014.3433957119,0.003347142307577249
Esperanza High Uncertainty,196,1503894,312742,3490,996511.765469826,0.0035618343785306238
Esperanza High Uncertainty,197,4176641700,292270,2813,897026.1789549509,0.004107961621227693
Esperanza High Uncertainty,198,3361256610,318735,7278,1188545.1159641293,0.0025518243986981616
Esperanza High Uncertainty,199,4193771759,314161,6846,1156186.622488779,0.002657961976718949
Esperanza High Uncertainty,200,561974231,367635,6490,1290154.7349364308,0.0024979608248615792
Esperanza High Uncertainty,201,1671238030,307331,4162,998616.9754173144,0.003485466026096343
Esperanza High Uncertainty,202,454947580,338370,6421,1225235.8215661016,0.0025492055405658453
Esperanza High Uncertainty,203,2850771418,416603,5988,1368328.7781619753,0.0025164820940882073
Esperanza High Uncertainty,204,1288193797,311220,3606,993873.2286668868,0.003563345119344305
Esperanza High Uncertainty,205,3265298148,323403,7051,1201130.0402046212,0.0025352241321424116
Esperanza High Uncertainty,206,1094566678,354638,3936,1139550.9666497535,0.0030886602208915945
Esperanza High Uncertainty,207,34321845,341856,6649,1222519.4341285534,0.002586926184455303
Esperanza High Uncertainty,208,2226482793,309082,3703,987396.5468568199,0.0035854434664074697
Esperanza High Uncertainty,209,36042890,360671,2909,1100241.6701491247,0.00336967036878797
Esperanza High Uncertainty,210,3993169897,288621,4143,933132.9949529946,0.003748808089570081
Esperanza High Uncertainty,211,1511643265,431949,5691,1409080.5724962258,0.00246044234087746
Esperanza High Uncertainty,212,2875380412,320417,4577,1060125.96887991,0.0032244301776456477
Esperanza High Uncertainty,213,3867451142,295347,3019,912833.2265642809,0.004008686170574136
Esperanza High Uncertainty,214,1976956869,346626,3738,1071637.5662649495,0.003413639460444885
Esperanza High Uncertainty,215,2386737262,360306,4354,1167587.416848537,0.002989131738374727
Esperanza High Uncertainty,216,1498188985,362355,2656,1094771.0727385755,0.003419322034048201
Esperanza High Uncertainty,217,1839320238,328394,5117,1119034.8909157568,0.0029659261387686734
Esperanza High Uncertainty,218,3110876949,356392,5794,1224750.8886600924,0.002687105969602077
Esperanza High Uncertainty,219,4224442799,351382,5053,1192024.081327563,0.0027968026704540037
Esperanza High Uncertainty,220,1134962402,395743,6880,1397379.1980569586,0.0022921185050774878
Esperanza High Uncertainty,221,339560691,318766,6246,1134860.9753152751,0.002799232952671024
Esperanza High Uncertainty,222,180054830,310450,6014,1146356.336781781,0.002671805045551156
Esperanza High Uncertainty,223,599818361,325824,5092,1102630.7697005414,0.0030309252745772245
Esperanza High Uncertainty,224,526802992,418201,4809,1345340.7045816013,0.002613201360621137
Esperanza High Uncertainty,225,1806519440,409888,4177,1301284.4946596213,0.0027376193847469337
Esperanza High Uncertainty,226,1928853771,350025,6141,1227750.3085805802,0.0026262213874386634
Esperanza High Uncertainty,227,3635954199,326478,9645,1348524.9058890915,0.002030431540417665
Esperanza High Uncertainty,228,1719524631,275419,3816,924404.6984268558,0.0036452052089895573
Esperanza High Uncertainty,229,2338405985,290068,7364,1125236.2112593194,0.002590984377976972
Esperanza High Uncertainty,230,2803511601,420107,5051,1367585.0855072595,0.00254040863194563
Esperanza High Uncertainty,231,2077438270,326340,7130,1229980.0856348148,0.0024396443672792863
Esperanza High Uncertainty,232,1209830880,324872,4682,1090554.8368200427,0.0030893679660366096
Esperanza High Uncertainty,233,198411941,269032,2718,842259.843510509,0.00428907976600552
Esperanza High Uncertainty,234,3875392010,358979,7206,1313526.4751749684,0.002353118267692223
Esperanza High Uncertainty,235,2966859252,350716,3426,1059456.4061059263,0.003533798402587115
Esperanza High Uncertainty,236,390087833,285990,5703,1049860.5446521766,0.0029345397187939127
Esperanza High Uncertainty,237,82885538,335567,3949,1074448.306528996,0.0032874606817447872
Esperanza High Uncertainty,238,2518642048,378328,6210,1283585.4037737295,0.002596996224334814
Esperanza High Uncertainty,239,1671575577,314923,2966,972958.6875566945,0.0037624258787753973
Esperanza High Uncertainty,240,4086149743,310995,2856,952945.1810830652,0.003873200183453522
Esperanza High Uncertainty,241,3165510815,315674,3243,978637.2784553481,0.0037277577079928093
Esperanza High Uncertainty,242,521318212,316233,3325,1034740.8476902088,0.0033403838404167975
Esperanza High Uncertainty,243,3176880490,295522,4638,1016512.9970555984,0.0032345682480472955
Esperanza High Uncertainty,244,213626525,303454,6970,1145805.5250909862,0.0026141073357319033
Esperanza High Uncertainty,245,532294540,419934,3969,1288086.5639327473,0.002862485609186004
Esperanza High Uncertainty,246,2392992346,362907,6295,1253458.1505496718,0.0026123300210555028
Esperanza High Uncertainty,247,1120010713,310855,3312,983818.6875566946,0.0036322864894637323
Esperanza High Uncertainty,248,483850843,362221,8872,1398498.457792915,0.002094604417423109
Esperanza High Uncertainty,249,1327388985,339377,6882,1230025.892992853,0.0025369170790436307
Esperanza High Uncertainty,250,3715473417,327720,5346,1134582.5986968658,0.0028792745783907414
Esperanza High Uncertainty,251,3718138907,361928,4793,1209315.535859103,0.002798950977031836
Esperanza High Uncertainty,252,2856314951,353667,2786,1098228.5034782058,0.0033163586348727457
Esperanza High Uncertainty,253,932778681,275279,3402,881851.5664180098,0.00400345060103302
Esperanza High Uncertainty,254,164960008,269681,2301,798655.0967855871,0.004781720511463916
Esperanza High Uncertainty,255,4182748951,393058,4109,1239198.8908137158,0.0028948561073301998
Esperanza High Uncertainty,256,512789810,291281,4831,989104.9321407432,0.003367284377532154
Esperanza High Uncertainty,257,2127517655,349442,2975,1051771.9277569647,0.0035725994378073785
Esperanza High Uncertainty,258,2610892758,266572,4030,892226.7850310158,0.0037871838640646392
Esperanza High Uncertainty,259,4091932640,274486,4882,957286.2871463746,0.0033875748213390527
Esperanza High Uncertainty,260,3771807504,322479,7621,1250062.4232839034,0.0023339438887766905
Esperanza High Uncertainty,261,210159152,307735,4637,1028359.5273466483,0.003291086633614061
Esperanza High Uncertainty,262,1139178574,322940,3522,1003179.4732509372,0.0036292504558157234
Esperanza High Uncertainty,263,4003066380,352217,7085,1287103.931911153,0.002404559085211156
Esperanza High Uncertainty,264,3773547901,354685,4822,1191562.1722389727,0.002825281856837316
Esperanza High Uncertainty,265,1084357154,293363,5070,998873.3000936315,0.003325346478047147
Esperanza High Uncertainty,266,1924963852,317493,2335,930598.6507920182,0.0041463092532087725
Esperanza High Uncertainty,267,2263858734,274202,1770,842831.2439463339,0.004365577861055842
Esperanza High Uncertainty,268,1277442733,306611,4026,995982.7914408699,0.003495718360048772
Esperanza High Uncertainty,269,1906016117,300030,5131,1036836.7979017427,0.003156430644822812
Esperanza High Uncertainty,270,944256973,397351,5773,1353435.040077067,0.0024533067382073092
Esperanza High Uncertainty,271,2290005477,362029,7175,1309769.8647916522,0.002386743487642744
Esperanza High Uncertainty,272,1208140450,325223,5071,1105260.0467675314,0.0030109578952605054
Esperanza High Uncertainty,273,1893223799,330846,6894,1212027.382186466,0.0025471434172941085
Esperanza High Uncertainty,274,2971541149,312891,5324,1097310.5013245824,0.0029389105903225763
Esperanza High Uncertainty,275,1302465625,353789,6763,1302973.3258350866,0.00235681584402045
Esperanza High Uncertainty,276,1238910364,342520,4887,1161096.9081957717,0.002873434961574602
Esperanza High Uncertainty,277,1355870528,360640,7184,1300741.5682655147,0.0024107058905674626
Esperanza High Uncertainty,278,2429248999,452509,5484,1457197.6568702292,0.002410142196373722
Esperanza High Uncertainty,279,839783942,316003,4525,1051570.3931331586,0.003231966711081336
Esperanza High Uncertainty,280,913713986,311334,3998,1031569.37582763,0.003308887817836993
Esperanza High Uncertainty,281,3503997014,349660,3595,1096085.3454728073,0.0032916191783897877
Esperanza High Uncertainty,282,4242528913,319448,5758,1113028.1290134247,0.002916354181976877
Esperanza High Uncertainty,283,150842780,292253,6150,1078522.7935434745,0.0028415329440805415
Esperanza High Uncertainty,284,3070729641,356943,6691,1298239.35613889,0.00239519955123381
Esperanza High Uncertainty,285,4187846174,365544,2685,1086448.0034909605,0.003502467716624511
Esperanza High Uncertainty,286,2196724515,322344,3384,1015833.1399091013,0.0035328663690482403
Esperanza High Uncertainty,287,2111155185,366673,7827,1351797.6180029586,0.0022693838066893774
Esperanza High Uncertainty,288,1901410484,312139,1648,898939.6313328609,0.004368570544594205
Esperanza High Uncertainty,289,709217326,347736,6362,1235829.782596782,0.002575044349575977
Esperanza High Uncertainty,290,855275935,358096,3684,1147952.9471650913,0.0030732908901920544
Esperanza High Uncertainty,291,986287643,308908,6097,1090910.0554330503,0.002935645696804477
Esperanza High Uncertainty,292,2434996665,372470,3483,1153967.7198865663,0.003163416325696727
Esperanza High Uncertainty,293,2004844538,262620,4958,959717.1702639224,0.0032247321006525493
Esperanza High Uncertainty,294,4155221180,311828,3888,990420.6680720336,0.0035952417094095653
Esperanza High Uncertainty,295,2766605041,322968,3826,1038136.9407552434,0.0033892419822489374
Esperanza High Uncertainty,296,2148826196,287490,2214,843504.4647129677,0.004569833162889655
Esperanza High Uncertainty,297,2604722260,387378,6399,1349510.7045816067,0.0024056622787703343
Esperanza High Uncertainty,298,2522866154,386815,6600,1374686.4946086074,0.002314985889997921
Esperanza High Uncertainty,299,716791680,394427,2525,1149694.196081902,0.003374848890062443
Esperanza High Uncertainty,300,3995313746,312940,4735,1051494.8000553679,0.0032010996437060383
Esperanza High Uncertainty,301,3453974849,384353,5730,1302866.332321467,0.0025608428352702772
Esperanza High Uncertainty,302,4178767174,352661,2709,1095972.3216553864,0.003320554673854183
Esperanza High Uncertainty,303,196530908,420755,5539,1381254.362574248,0.0024942175666100826
Esperanza High Uncertainty,304,73488957,353982,1722,990403.5230393981,0.00408140036585386
Esperanza High Uncertainty,305,2745502528,308311,4957,1055952.587928744,0.0031271776645493622
Esperanza High Uncertainty,306,3710495476,309015,2290,911514.9927993707,0.004206339301078439
Esperanza High Uncertainty,307,3594301891,309465,4897,1060424.4169250668,0.0031124649784078327
Esperanza High Uncertainty,308,2985739541,294900,5976,1064730.3758021216,0.0029420351520361146
Esperanza High Uncertainty,309,2344139633,312206,6089,1118580.6268470474,0.0028220131419380945
Esperanza High Uncertainty,310,4205393971,411455,6824,1410787.9231435908,0.002338036307773449
Esperanza High Uncertainty,311,3084759606,344778,6353,1244355.144063286,0.0025182754088372075
Esperanza High Uncertainty,312,3857454001,387679,5833,1315136.1808024494,0.002535030555242123
Esperanza High Uncertainty,313,2182017262,366457,6417,1295929.2933776604,0.002467816034601351
Esperanza High Uncertainty,314,3205349247,315167,5209,1085406.8974276502,0.0030255752378580956
Esperanza High Uncertainty,315,3498636557,401011,8494,1471236.9252717113,0.0020952865565874276
Esperanza High Uncertainty,316,203744443,317383,5582,1096540.492659063,0.002985291104107502
Esperanza High Uncertainty,317,2627362499,411550,6296,1421059.5291941469,0.0023048912385880763
Esperanza High Uncertainty,318,2786465504,334604,3704,1068767.4320769676,0.003312966765354143
Esperanza High Uncertainty,319,2089860627,319660,5290,1088964.4710207782,0.003048689868679616
Esperanza High Uncertainty,320,1894366895,288205,4995,1029063.5057083635,0.0030780064872111238
Esperanza High Uncertainty,321,1852333403,343630,6839,1240507.3475243927,0.002525484827334359
Esperanza High Uncertainty,322,2916258999,307015,4267,1021810.7849289767,0.003325607596731809
Esperanza High Uncertainty,323,1727670725,367293,2778,1134546.6311542923,0.003227158706077479
Esperanza High Uncertainty,324,264660925,378112,7758,1413136.2370007713,0.002141434365074593
Esperanza High Uncertainty,325,1152563936,341728,3427,1090926.6831474036,0.0032474450384752216
Esperanza High Uncertainty,326,877581892,353204,2569,1041820.0273338925,0.003680379331848432
Esperanza High Uncertainty,327,370381890,285178,3960,917072.1205009683,0.003834965052724705
Esperanza High Uncertainty,328,4106067243,356081,5183,1181278.1397815451,0.0028860034109084226
Esperanza High Uncertainty,329,1240923674,387610,4077,1214063.9752387437,0.0029741591295863305
Esperanza High Uncertainty,330,1230544892,398662,3256,1198325.696043636,0.003139839657004731
Esperanza High Uncertainty,331,1679292292,344230,5168,1189291.0034144293,0.002752484126623788
Esperanza High Uncertainty,332,2113879820,295631,2711,894244.6443311418,0.004181091291930268
Esperanza High Uncertainty,333,914849789,361106,4001,1137726.1138360125,0.0031550890776712998
Esperanza High Uncertainty,334,2568070569,340101,6970,1231731.6289241395,0.0025352926374490443
Esperanza High Uncertainty,335,3231774291,318990,5922,1123235.2567150225,0.0028594860904041152
Esperanza High Uncertainty,336,4001028319,338059,3709,1103969.6809682671,0.0031371160410629925
Esperanza High Uncertainty,337,2483138486,391785,5270,1313261.8366414697,0.0025691977333433084
Esperanza High Uncertainty,338,3937119008,331593,7557,1247030.6570488093,0.002411589957848288
Esperanza High Uncertainty,339,1366186126,281983,5274,1004721.1680592786,0.003159251464337088
Esperanza High Uncertainty,340,3993703106,313140,7531,1178240.4947616698,0.0025510738499078126
Esperanza High Uncertainty,341,528497844,345407,6920,1263544.0293344588,0.002446824093985336
Esperanza High Uncertainty,342,2888368361,292128,4130,953846.9473181552,0.0036313505109924617
Esperanza High Uncertainty,343,2506987330,354353,2798,1067836.2459213915,0.0035146264333729684
Esperanza High Uncertainty,344,431427187,377422,3967,1183503.6527670647,0.003047476601456469
Esperanza High Uncertainty,345,951138369,317335,6374,1119358.7090929383,0.002864387585956218
Esperanza High Uncertainty,346,2290137442,369235,3166,1132265.382237481,0.0032573076248758495
Esperanza High Uncertainty,347,725057485,308963,2876,969143.6291282211,0.003720339356385353
Esperanza High Uncertainty,348,2091744093,303144,3230,966636.9386526399,0.0036692269626604885
Esperanza High Uncertainty,349,11312237,345758,4496,1161440.7977997006,0.0028988814560894556
Esperanza High Uncertainty,350,1773829573,311783,3629,985085.6637392757,0.0036337647497946914
Esperanza High Uncertainty,351,2337147255,267195,4576,927115.4213598657,0.0035157103725709854
Esperanza High Uncertainty,352,247731597,396292,7751,1431006.8885070344,0.0021886898809155278
Esperanza High Uncertainty,353,632042585,317448,5022,1093913.0705849524,0.0030002631346025756
Esperanza High Uncertainty,354,2316113794,363497,6092,1248283.9579077053,0.002638313658371691
Esperanza High Uncertainty,355,1486672143,290660,4297,943753.4235134919,0.00369080043008202
Esperanza High Uncertainty,356,4270950105,358482,7051,1302097.6613305476,0.0023912919925828465
Esperanza High Uncertainty,357,1424492385,323742,4452,1068295.1398580794,0.0032082552499378314
Esperanza High Uncertainty,358,665137368,324861,3456,1056274.9429088654,0.0032930323356843397
Esperanza High Uncertainty,359,1272120785,386270,5147,1264902.1029148255,0.002730420423895252
Esperanza High Uncertainty,360,2350692580,313449,4508,1043852.0165147516,0.0032534294461113496
Esperanza High Uncertainty,361,76067114,344426,4358,1141406.1852627618,0.002989977072776852
Esperanza High Uncertainty,362,1814016374,304626,2950,924646.8932224431,0.004029651717660894
Esperanza High Uncertainty,363,2657894212,374664,6085,1287976.12670674,0.0025543400477701095
Esperanza High Uncertainty,364,3719550890,336951,6305,1184066.3735464572,0.0027181099956882704
Esperanza High Uncertainty,365,1241040218,384669,6035,1309452.5054787702,0.002537231298029718
Esperanza High Uncertainty,366,1305452359,303151,5858,1058167.4407424864,0.0030619816933742886
Esperanza High Uncertainty,367,3951158997,361394,2679,1060035.5143228618,0.0036374118734173485
Esperanza High Uncertainty,368,3154891133,290872,2429,878949.5144759215,0.004258203664897643
Esperanza High Uncertainty,369,1914781492,293000,3495,956440.7741608538,0.0036224619234922865
Esperanza High Uncertainty,370,3700081943,304123,6900,1140215.5337565022,0.002645621630549473
Esperanza High Uncertainty,371,3810510051,280851,2355,857617.4711993498,0.004318581385177491
Esperanza High Uncertainty,372,2863521983,342641,8334,1305783.6115420847,0.0022727374857437104
Esperanza High Uncertainty,373,3030102598,329066,3423,1058746.4861981913,0.0033201019641934874
Esperanza High Uncertainty,374,3502566457,339371,3756,1080101.8303336583,0.003290013632880561
Esperanza High Uncertainty,375,3238452668,350955,8164,1335599.4729958368,0.002225109200828926
Esperanza High Uncertainty,376,395324313,358999,5015,1220201.334551622,0.0027269841958099386
Esperanza High Uncertainty,377,625989046,299519,4528,970145.2351787777,0.003599177295603324
Esperanza High Uncertainty,378,539456843,405815,5794,1344030.633154856,0.0025407511720216755
Esperanza High Uncertainty,379,3910346393,385955,8293,1442682.31273477,0.002097237575562654
Esperanza High Uncertainty,380,328399008,342021,3995,1111916.2112593167,0.0031286791047258258
Esperanza High Uncertainty,381,1485719354,283793,2172,829223.8218722244,0.00466778143653598
Esperanza High Uncertainty,382,3604114432,344607,5488,1182984.7588303804,0.0027849549206825468
Esperanza High Uncertainty,383,1017277807,380856,6017,1321232.0595872374,0.0024674875427077056
Esperanza High Uncertainty,384,1137519669,370917,8099,1368394.442666523,0.002240301700200013
Esperanza High Uncertainty,385,3309646895,321937,2686,976987.0014138676,0.003814570932234901
Esperanza High Uncertainty,386,879328940,369645,6145,1279110.2565874704,0.0025551785136115053
Esperanza High Uncertainty,387,3868689197,401886,5435,1293072.0769182718,0.002718377606859402
Esperanza High Uncertainty,388,4125375585,388989,8857,1474332.2867382143,0.002023946093108906
Esperanza High Uncertainty,389,2668484469,377166,3417,1150397.2025682884,0.00322321499989457
Esperanza High Uncertainty,390,38219612,297868,5918,1069964.4169250664,0.002942642838620708
Esperanza High Uncertainty,391,3411016760,428368,7939,1521425.2585625213,0.002092994802772737
Esperanza High Uncertainty,392,3499799574,327752,4952,1122038.1203479045,0.002944302990119871
Esperanza High Uncertainty,393,2433816542,280411,3602,910279.114014584,0.0038273507436052388
Esperanza High Uncertainty,394,2651200755,301861,7474,1150739.932013196,0.0025781311851478853
Esperanza High Uncertainty,395,1358560646,385812,4948,1255032.5574718756,0.0027702446223132554
Esperanza High Uncertainty,396,2518845513,327563,7203,1227340.817233344,0.002459330286661675
Esperanza High Uncertainty,397,2440402994,322767,5598,1137184.8649192008,0.0028227951154604193
Esperanza High Uncertainty,398,3788226933,379751,5918,1307969.7132726328,0.002510475133789707
Esperanza High Uncertainty,399,3421159505,327065,6178,1169330.9493187186,0.00270527585323592
Esperanza High Uncertainty,400,1945364798,352631,8089,1345084.31714406,0.0022043159542051564
Esperanza High Uncertainty,401,3982275843,317487,4783,1060650.8931204008,0.00319178328901451
Esperanza High Uncertainty,402,3442314723,345193,2867,1052018.1723410182,0.0035275068856127348
Esperanza High Uncertainty,403,4016625819,312936,3977,997389.1074516715,0.0035577764707618777
Esperanza High Uncertainty,404,1905761073,323218,7114,1175101.0921722192,0.002647265210065694
Esperanza High Uncertainty,405,1891051891,311707,6197,1106995.7826988224,0.002876782287429023
Esperanza High Uncertainty,406,4207296895,301186,5514,1039486.7264749932,0.0031524576287712313
Esperanza High Uncertainty,407,1416390392,379700,4517,1236859.1938517464,0.0028070648587286318
Esperanza High Uncertainty,408,1813423865,314635,2646,964973.1745711707,0.003821456535466708
Esperanza High Uncertainty,409,2554642647,296431,5532,1048704.951574385,0.0030483817673011278
Esperanza High Uncertainty,410,2913750067,337219,5681,1184591.4493059632,0.0027178608807666422
Esperanza High Uncertainty,411,478776855,360976,3581,1133696.854100059,0.0031764119310136933
Esperanza High Uncertainty,412,1388158214,317911,7112,1185910.7804686676,0.0025565476669381906
Esperanza High Uncertainty,413,1736066068,339389,5570,1176290.8605609324,0.002774090916475751
Esperanza High Uncertainty,414,2016034656,368245,6706,1306170.5963901822,0.002441121671198392
Esperanza High Uncertainty,415,3602216242,358252,2839,1075508.2351022474,0.003502785287077867
Esperanza High Uncertainty,416,150466024,371632,3846,1169181.5293982308,0.003074691763383555
Esperanza High Uncertainty,417,2184073459,345766,4310,1130602.009951832,0.0030592512973274403
Esperanza High Uncertainty,418,3794190301,365627,3301,1122591.4298723203,0.0032813094383790558
Esperanza High Uncertainty,419,3500177812,300396,5044,1078579.7156303434,0.0029203978630496672
Esperanza High Uncertainty,420,2068655564,391031,3782,1220620.2999150585,0.002968263046451654
Esperanza High Uncertainty,421,371047618,425493,4213,1318845.0660736125,0.002766669199593465
Esperanza High Uncertainty,422,3428045527,438923,6072,1468173.9728810322,0.0023029561603562657
Esperanza High Uncertainty,423,378907893,423236,6963,1464740.9663946535,0.0022310706251900277
Esperanza High Uncertainty,424,761217100,326601,3204,1003601.4537662761,0.0036673074450001373
Esperanza High Uncertainty,425,490098115,258963,3191,809842.1443949178,0.004465697933570661
Esperanza High Uncertainty,426,2772677921,304388,4515,1009597.9212960913,0.003377403935623415
Esperanza High Uncertainty,427,790263816,356198,3561,1118187.0943768616,0.0032219210856695287
Esperanza High Uncertainty,428,1289551157,353002,6401,1235485.7414738361,0.002615496023832296
Esperanza High Uncertainty,429,3451157815,346643,5351,1196907.6852244944,0.002736613701195316
Esperanza High Uncertainty,430,273357715,288995,4648,982709.7849544848,0.003384481477310283
Esperanza High Uncertainty,431,3467656669,294630,2594,882335.830486722,0.004280174820545108
Esperanza High Uncertainty,432,2241253548,341526,2957,1055344.7913898518,0.0034680663926752535
Esperanza High Uncertainty,433,694081581,312638,4696,1072983.7567532859,0.003071198183627501
Esperanza High Uncertainty,434,2124871536,354880,4164,1147536.479635276,0.0030479012851348576
Esperanza High Uncertainty,435,3185588214,272563,5281,944374.2265387672,0.0034564559157979897
Esperanza High Uncertainty,436,1279917002,296889,7555,1165012.1982355318,0.002473919336120007
Esperanza High Uncertainty,437,954803612,291188,4004,963300.025231289,0.00354897306815792
Esperanza High Uncertainty,438,3371853981,379370,2828,1140068.8259498777,0.0033010584716756984
Esperanza High Uncertainty,439,958817435,355231,5680,1240258.605106718,0.0026117928824710267
Esperanza High Uncertainty,440,822956909,355323,3760,1116436.4969663133,0.0032240936103222297
Esperanza High Uncertainty,441,3596234068,314711,3657,993822.2741225889,0.0036036851824739983
Esperanza High Uncertainty,442,4162428828,292857,4501,982216.4754300687,0.003433156123160727
Esperanza High Uncertainty,443,749019259,362625,6256,1268422.5488063612,0.002549072615937444
Esperanza High Uncertainty,444,4119504100,336990,1549,926596.893222442,0.004439026192694945
Esperanza High Uncertainty,445,2633140432,329611,5445,1119558.2004401751,0.002974135285490164
Esperanza High Uncertainty,446,1411162668,379531,2978,1142773.6073368725,0.0032868450046127824
Esperanza High Uncertainty,447,3372154807,328450,4617,1082416.7632396708,0.0031705355028108814
Esperanza High Uncertainty,448,3401223532,356652,5319,1205665.6159513702,0.002774874117579075
Esperanza High Uncertainty,449,2109988667,293679,5657,1050345.5403194143,0.0030106541909839853
Esperanza High Uncertainty,450,3576054456,321274,3118,1025527.9840573221,0.0034548796436051805
Esperanza High Uncertainty,451,521546913,293736,3407,922091.531755938,0.003907162578590292
Esperanza High Uncertainty,452,3289833350,334783,5951,1181978.2826350445,0.0027101715141756404
Esperanza High Uncertainty,453,3883165075,283283,8081,1138371.3411145413,0.0024723216903478886
Esperanza High Uncertainty,454,2210940438,341864,1318,970714.717860497,0.0041031983789466655
Esperanza High Uncertainty,455,1532181624,315597,3394,979415.2979400116,0.0037209297721752274
Esperanza High Uncertainty,456,1041916943,289872,3692,946217.9906202359,0.003661645012468318
Esperanza High Uncertainty,457,660992577,289981,4853,979487.1442673667,0.0034184122499386045
Esperanza High Uncertainty,458,360729874,443900,6155,1474732.429591706,0.0023083999560841377
Esperanza High Uncertainty,459,3650927563,298470,5225,1021246.1463954799,0.003236623607739244
Esperanza High Uncertainty,460,1114952941,329744,5575,1155803.9017093908,0.002791649966389921
Esperanza High Uncertainty,461,63325815,339535,5142,1156725.739371228,0.002869961846612071
Esperanza High Uncertainty,462,3443554529,345485,6859,1264786.3042223114,0.0024425713646352484
Esperanza High Uncertainty,463,4168031900,340985,3580,1091489.4666880192,0.003237043609566587
Esperanza High Uncertainty,464,3637022041,358974,3385,1104077.1030423767,0.003330554626204703
Esperanza High Uncertainty,465,3033298397,299388,3234,948935.261175332,0.0037602229265817724
Esperanza High Uncertainty,466,2879702347,363511,6642,1312405.6007229406,0.0023868975606551666
Esperanza High Uncertainty,467,2590688010,261137,3685,848789.4603802077,0.0040994050106954415
Esperanza High Uncertainty,468,1516077324,366880,5547,1250729.3994664785,0.002652465195504842
Esperanza High Uncertainty,469,1963231647,345540,5013,1178176.2306929557,0.0028153357093013824
Esperanza High Uncertainty,470,2897216764,280339,3594,903768.3196548247,0.0038816973040075677
Esperanza High Uncertainty,471,4243728010,314607,2683,988204.7178604989,0.0036435682500483707
Esperanza High Uncertainty,472,2791973730,309353,2952,982427.6615856491,0.003624979386040503
Esperanza High Uncertainty,473,2932186391,354921,4226,1159197.4969407993,0.0029872337035046423
Esperanza High Uncertainty,474,4100105254,283616,4061,931782.6291537306,0.003694484777510132
Esperanza High Uncertainty,475,1171952420,305986,6259,1101015.8541255703,0.002854741473520336
Esperanza High Uncertainty,476,567792658,307158,5186,1054333.8368455537,0.003125056800134788
Esperanza High Uncertainty,477,1121234491,312149,4549,1041804.7372941374,0.0032526824435710894
Esperanza High Uncertainty,478,2118924604,349666,4362,1118537.5316028746,0.0031608556052609323
Esperanza High Uncertainty,479,3636217306,319887,4132,1035095.0316666522,0.003376669199477757
Esperanza High Uncertainty,480,2528955170,371134,3932,1178172.1809044932,0.003023887209269636
Esperanza High Uncertainty,481,3283365756,338442,7302,1250008.8821481992,0.0024496860459129197
Esperanza High Uncertainty,482,3437534686,296985,5193,1041880.0273338917,0.0030942219501152767
Esperanza High Uncertainty,483,1266000443,330653,3675,1057896.4061059263,0.0033414776249263384
Esperanza High Uncertainty,484,724426914,318003,4952,1082870.8757893653,0.003067116298561219
Esperanza High Uncertainty,485,1228328036,433168,6523,1472690.1460383355,0.0022588426414513626
Esperanza High Uncertainty,486,108712742,278843,3808,914853.4581755641,0.0037679840165472413
Esperanza High Uncertainty,487,3090182295,299429,3243,924503.0750452642,0.003962137229074868
Esperanza High Uncertainty,488,4108272555,321324,5473,1111291.1441653252,0.002942658273951893
Esperanza High Uncertainty,489,548979174,377488,9814,1490493.8841232562,0.0019217422004168755
Esperanza High Uncertainty,490,3726460067,375921,8391,1405054.996749479,0.0021535864658842273
Esperanza High Uncertainty,491,3607654889,378229,4048,1208058.5510109996,0.0029311040155764728
Esperanza High Uncertainty,492,1620405060,380797,8232,1426881.2326680096,0.002115291576805798
Esperanza High Uncertainty,493,879381666,307703,2773,974652.8174374256,0.003663398969032143
Esperanza High Uncertainty,494,2910117998,340505,5630,1174469.0228990924,0.0027918541974356658
Esperanza High Uncertainty,495,3095760353,348565,4787,1153167.1311415401,0.0029645012642460205
Esperanza High Uncertainty,496,280439926,313394,5596,1078939.9926718206,0.003044727771675261
Esperanza High Uncertainty,497,2560339544,323289,3184,1044193.9256033398,0.0033533661523787437
Esperanza High Uncertainty,498,1300206161,333395,1948,972654.6377682311,0.003985603870620311
Esperanza High Uncertainty,499,1919172781,362595,6895,1310731.9968260068,0.002386966818976034
Esperanza High Uncertainty,500,622541026,352009,3151,1066953.3909540204,0.003497157926791579
Esperanza High Uncertainty,501,598174118,316636,5168,1081299.8498183214,0.0030628122728031657
Esperanza High Uncertainty,502,4142447567,302085,2406,906590.3001701635,0.004156802572578767
Esperanza High Uncertainty,503,3547552751,326992,5602,1147225.1506261977,0.0028099085262289734
Esperanza High Uncertainty,504,2168794368,356142,6083,1215683.5466782479,0.0027254265913359077
Esperanza High Uncertainty,505,2093428735,329903,9345,1339418.7327317917,0.002079724946208563
Esperanza High Uncertainty,506,1908715893,256845,1175,720482.516757088,0.005595985697597711
Esperanza High Uncertainty,507,4288762356,360662,4938,1199589.8085933328,0.0028345702534660466
Esperanza High Uncertainty,508,3167498999,316380,7552,1197154.7501648664,0.002496668080902809
Esperanza High Uncertainty,509,211367370,323745,4853,1084408.5208092418,0.0031136486214995607
Esperanza High Uncertainty,510,2508954085,263133,4973,936989.0165912788,0.0033896799181316797
Esperanza High Uncertainty,511,1811858704,353561,7653,1299717.8842763142,0.002367110528975314
Esperanza High Uncertainty,512,628169795,295738,1486,843618.9517274428,0.004699664439018525
Esperanza High Uncertainty,513,898258601,324447,5839,1135982.3043243526,0.0028434985019743365
Esperanza High Uncertainty,514,3394464658,380476,6550,1332702.2652019693,0.0024227765910044318
Esperanza High Uncertainty,515,2016583247,291534,4333,1003247.7871081086,0.003275858723999819
Esperanza High Uncertainty,516,1530600964,319696,2415,987542.6485873729,0.003707471789555356
Esperanza High Uncertainty,517,3019321617,332632,7036,1204868.5596765259,0.0025914155280789366
Esperanza High Uncertainty,518,1657709830,342416,6129,1186135.856228175,0.00275256481375164
Esperanza High Uncertainty,519,2583709248,382020,2383,1110914.3649319587,0.0035008806766755234
Esperanza High Uncertainty,520,1566054066,283899,2733,913547.2850182616,0.003847283356326908
Esperanza High Uncertainty,521,3061769549,315137,7469,1203660.1830581205,0.002460050266102117
Esperanza High Uncertainty,522,698732152,284787,2452,832042.2699173792,0.0046524504220529905
Esperanza High Uncertainty,523,2047081726,378854,4273,1224446.2587921123,0.0028578852910205624
Esperanza High Uncertainty,524,650325521,317312,6080,1081547.494838198,0.0030679457689391926
Esperanza High Uncertainty,525,1051809683,391416,5582,1323674.7002743557,0.002526552992028702
Esperanza High Uncertainty,526,1232105245,345248,8405,1316648.2414100626,0.0022523922173801215
Esperanza High Uncertainty,527,998479693,352356,8060,1330086.6894552177,0.002252548496121046
Esperanza High Uncertainty,528,2636169725,337031,6575,1239741.3258861098,0.002480047881839498
Esperanza High Uncertainty,529,4214720448,358978,3630,1138424.0618939237,0.003132651433392268
Esperanza High Uncertainty,530,1068946314,299955,3023,919424.9127071045,0.004013062695594421
Esperanza High Uncertainty,531,829813985,299382,3600,946867.3932096878,0.0037765891086145318
Esperanza High Uncertainty,532,1772142645,354106,3454,1128780.3865702422,0.003143161887469836
Esperanza High Uncertainty,533,1552411861,346953,6271,1220510.8973256098,0.002634145122446412
Esperanza High Uncertainty,534,787912106,307452,3744,997650.5165530174,0.003493597213048536
Esperanza High Uncertainty,535,4050959703,359092,4890,1186208.1311160289,0.0028862657110332434
Esperanza High Uncertainty,536,416489165,405991,3503,1229151.237128318,0.0030391919800414552
Esperanza High Uncertainty,537,119209012,378729,6120,1309600.1591641668,0.002497488494813503
Esperanza High Uncertainty,538,3365508702,372927,4161,1160246.3107852207,0.0031331111967485667
Esperanza High Uncertainty,539,3145699105,330717,6424,1194462.7609840059,0.0026215833133259444
Esperanza High Uncertainty,540,2373650606,295192,3197,922945.055560604,0.003919270709998538
Esperanza High Uncertainty,541,3700208950,334443,5937,1149730.5921849736,0.0028614246187611395
Esperanza High Uncertainty,542,2003795625,377572,6693,1306412.51414429,0.0025020241088761024
Esperanza High Uncertainty,543,2752456214,266652,2473,796617.8976572407,0.004752226151221517
Esperanza High Uncertainty,544,3096365620,321028,3751,1023031.8909922882,0.0034691009845239005
Esperanza High Uncertainty,545,2348585955,359763,2480,1066542.1333716935,0.0035769497243923858
Esperanza High Uncertainty,546,4060201537,361887,4457,1168846.3822119727,0.0029957838958429264
Esperanza High Uncertainty,547,4044682344,337776,6306,1198684.8129260945,0.0026587111443242147
Esperanza High Uncertainty,548,1347326832,374652,5746,1290911.345319744,0.002542655916313945
Esperanza High Uncertainty,549,2554680760,409031,8037,1503486.5962371195,0.0020464892895423158
Esperanza High Uncertainty,550,59165773,314328,5044,1061516.9948509545,0.003154870516790143
Esperanza High Uncertainty,551,1414255269,376051,2647,1114414.2220784621,0.0034245682789423026
Esperanza High Uncertainty,552,1080192063,368574,6883,1325350.4362056467,0.002373097701284344
Esperanza High Uncertainty,553,3079351510,319002,4499,1060302.1333716956,0.0032091240770146254
Esperanza High Uncertainty,554,2426045897,343784,3973,1104358.4948126888,0.003187996834860151
Esperanza High Uncertainty,555,614052252,346152,5143,1160639.9947744226,0.002906191008678765
Esperanza High Uncertainty,556,1012128739,336637,4369,1126269.7350639794,0.0030014381154102377
Esperanza High Uncertainty,557,1123505713,306593,5538,1069217.5835959835,0.0030330699336847673
Esperanza High Uncertainty,558,2585303536,333652,3765,1073382.6506899754,0.003275193497688416
Esperanza High Uncertainty,559,2035420742,312493,2629,956305.1810830669,0.0038645563961696933
Esperanza High Uncertainty,560,3407469290,328408,2349,982208.9819292076,0.003849978452668376
Esperanza High Uncertainty,561,3852464380,312043,7435,1201270.8432299024,0.002445597296853171
Esperanza High Uncertainty,562,3658536935,329269,2475,999920.3477029628,0.0037245379696165637
Esperanza High Uncertainty,563,1674171101,297662,5725,1061742.4364097258,0.002986327387572103
Esperanza High Uncertainty,564,3423110253,394425,7110,1436143.8646896118,0.002162822670767523
Esperanza High Uncertainty,565,899037697,301749,5773,1066515.5143228592,0.00300029430868583
Esperanza High Uncertainty,566,2757613394,338242,5828,1184668.5055808127,0.002725751258474797
Esperanza High Uncertainty,567,1719310997,326897,5427,1142176.9255268078,0.0028339784534675834
Esperanza High Uncertainty,568,2899493742,333312,2160,991640.7394987838,0.0038334923586520065
Esperanza High Uncertainty,569,2526688273,366450,5413,1250044.5466527357,0.0026522601484326902
Esperanza High Uncertainty,570,2033907504,353011,6112,1234761.4774051222,0.0026186319863779096
Esperanza High Uncertainty,571,1022972685,310298,3921,1002961.8282310574,0.0034886912890186505
Esperanza High Uncertainty,572,2136048028,374337,5443,1279311.0596127454,0.0025867998092116927
Esperanza High Uncertainty,573,1449680881,382310,5859,1317704.334475092,0.002490187692576517
Esperanza High Uncertainty,574,2125470233,403845,6551,1397599.3409104531,0.002338307967040052
Esperanza High Uncertainty,575,4162434661,312098,5397,1098268.7350894932,0.002926348990934561
Esperanza High Uncertainty,576,1659186195,288831,6689,1091555.2827115783,0.002741603878023342
Esperanza High Uncertainty,577,2027491097,283071,3248,896569.5685716348,0.003982719906217427
Esperanza High Uncertainty,578,514053387,341428,5344,1175878.4428195788,0.0027927152101480746
Esperanza High Uncertainty,579,3506764727,402163,7789,1446864.373342375,0.002172695372652956
Esperanza High Uncertainty,580,1864062722,351382,2675,1056042.95372801,0.003563433984858906
Esperanza High Uncertainty,581,2140834512,337736,6966,1247877.7847504064,0.00245293264087023
Esperanza High Uncertainty,582,2957856559,333850,5448,1148093.535910123,0.0028645025323992775
Esperanza High Uncertainty,583,2820590777,420860,7900,1481364.5616260665,0.0021690328152867374
Esperanza High Uncertainty,584,2654136574,297687,3813,962762.8261029435,0.003632232304941335
Esperanza High Uncertainty,585,3788466963,387417,8301,1441430.9923912107,0.0021088385694028474
Esperanza High Uncertainty,586,77862487,324257,4649,1101276.960188881,0.003023769115629286
Esperanza High Uncertainty,587,2823824872,333353,7206,1245390.2198227963,0.002430781037050722
Esperanza High Uncertainty,588,3595430310,312373,3317,988197.1356018499,0.003617751069478088
Esperanza High Uncertainty,589,575189550,303815,3074,920346.0187704142,0.004056573129573038
Esperanza High Uncertainty,590,2248923246,338598,5641,1144918.8346153991,0.0029213753625124215
Esperanza High Uncertainty,591,2596041895,333973,6490,1206153.0466910035,0.0025963240414995023
Esperanza High Uncertainty,592,929599827,311209,2448,916606.4646619476,0.00418927326023126
Esperanza High Uncertainty,593,1348648546,388470,5281,1281336.501171518,0.002675983696096595
Esperanza High Uncertainty,594,4235271999,357863,4217,1161991.6094904984,0.002997527579207842
Esperanza High Uncertainty,595,302375962,291223,5988,1072080.2242831057,0.0028656521683158393
Esperanza High Uncertainty,596,3503417491,323044,3366,1019093.2113358482,0.0035179222392348526
Esperanza High Uncertainty,597,3637854195,331475,4948,1118715.7653677838,0.0029954607684569653
Esperanza High Uncertainty,598,1854754140,358414,3112,1104918.3519591896,0.003320297243007477
Esperanza High Uncertainty,599,680878462,300537,2273,871377.9711865946,0.004476485346556839
Esperanza High Uncertainty,600,1852905182,310659,3383,964195.2438442972,0.0037792562819719314
Esperanza High Uncertainty,601,1616117465,327003,3389,1015674.9775709399,0.003585044939776201
Esperanza High Uncertainty,602,1724395730,377912,6872,1350318.2067479847,0.002344071254330182
Esperanza High Uncertainty,603,956613139,384868,3990,1235594.4124647516,0.002851099048017146
Esperanza High Uncertainty,604,3084553827,368191,6249,1264934.0206689357,0.002602494351526269
Esperanza High Uncertainty,605,1479660236,390818,5568,1284147.973034096,0.0026803826011466605
Esperanza High Uncertainty,606,2519930253,302145,8748,1219456.2674576372,0.0022979222221197575
Esperanza High Uncertainty,607,2824426123,288292,2896,900478.3109893043,0.004021040532499777
Esperanza High Uncertainty,608,3168416952,307855,6670,1156049.5662139314,0.0026052276261649223
Esperanza High Uncertainty,609,3165008774,346504,4899,1156323.0099263256,0.0029309087008695255
Esperanza High Uncertainty,610,441547455,314185,4605,1032039.2957353647,0.0033361483386284397
Esperanza High Uncertainty,611,473532587,364494,7644,1337711.3820844223,0.0023036575126852143
Esperanza High Uncertainty,612,2325996511,390495,4154,1210092.1549079341,0.0030159973812237664
Esperanza High Uncertainty,613,2987396786,304405,2335,921812.6378192476,0.004051527950283953
Esperanza High Uncertainty,614,2583589719,335989,6247,1224485.4557668373,0.002534370884288664
Esperanza High Uncertainty,615,3202105100,347443,6623,1247240.1397305278,0.0025260141631575548
Esperanza High Uncertainty,616,1402902025,302295,3729,972801.5598550969,0.0036127243044962185
Esperanza High Uncertainty,617,2819292707,329545,5719,1146255.1592917168,0.0028366417676470254
Esperanza High Uncertainty,618,1774917366,374810,5192,1250634.7695985,0.00271020751846065
Esperanza High Uncertainty,619,2769990595,389209,6733,1369440.3928780567,0.0023471939682752968
Esperanza High Uncertainty,620,4272847735,348007,5748,1221427.7393202095,0.0026381822585385254
Esperanza High Uncertainty,621,1733077019,359142,5791,1239634.4838915046,0.002643207589234484
Esperanza High Uncertainty,622,2288738723,396062,5929,1331761.605030185,0.00252558837450883
Esperanza High Uncertainty,623,225838760,294039,2685,885575.8304867224,0.0042403899875724585
Esperanza High Uncertainty,624,2906084362,311710,6588,1143543.8302826413,0.0026958608908045577
Esperanza High Uncertainty,625,2655964957,354495,6712,1262621.157036054,0.0025148747642009107
Esperanza High Uncertainty,626,2970239722,300382,4166,957668.3390884654,0.0037042135720455516
Esperanza High Uncertainty,627,3472250862,282902,3292,893671.7806982575,0.004006197007151137
Esperanza High Uncertainty,628,2715860825,355490,8238,1352864.245717312,0.002196702901301182
Esperanza High Uncertainty,629,3518905836,332865,3000,1007438.4386143734,0.0037092275039770674
Esperanza High Uncertainty,630,244848617,289689,3998,960869.1421137427,0.003548590497009505
Esperanza High Uncertainty,631,521502886,318403,7266,1178310.2718159037,0.0025936429970376835
Esperanza High Uncertainty,632,321583336,367562,5202,1226263.315066961,0.0027644930805701406
Esperanza High Uncertainty,633,3787685271,307514,4935,1024347.1096052949,0.0033145377771978024
Esperanza High Uncertainty,634,3205382252,368886,6709,1316900.1504986507,0.0024056855081444227
Esperanza High Uncertainty,635,4049277314,284592,4639,969637.8845314151,0.0034233863162980156
Esperanza High Uncertainty,636,247354539,314222,3531,978570.3022727694,0.0037111191554625423
Esperanza High Uncertainty,637,3016901544,378556,3301,1173078.2112082927,0.003111204590599028
Esperanza High Uncertainty,638,1096101343,261219,3048,861134.9019389801,0.003983958013431325
Esperanza High Uncertainty,639,337290722,328600,7951,1229161.0401791115,0.002459814515554883
Esperanza High Uncertainty,640,2118290576,280916,3830,934071.888889683,0.003641398802951941
Esperanza High Uncertainty,641,2864203613,310534,3971,982212.2113613576,0.003640414810543282
Esperanza High Uncertainty,642,2216917365,312570,4908,1055690.7502669038,0.0031719492741330855
Esperanza High Uncertainty,643,2264629728,325269,9024,1293737.1613433063,0.0021978747612447507
Esperanza High Uncertainty,644,3291682203,322690,5854,1143244.133320676,0.0027922861208052657
Esperanza High Uncertainty,645,1127376137,250208,3072,801745.4625848536,0.004402309210838957
Esperanza High Uncertainty,646,1108465819,321537,5459,1136471.4125412856,0.0028155697946081622
Esperanza High Uncertainty,647,434720275,332902,3713,1061263.3822885056,0.003342892558629473
Esperanza High Uncertainty,648,458435773,333600,5903,1159499.1116568795,0.0028063224784197487
Esperanza High Uncertainty,649,2829740921,282148,1569,804539.0578162645,0.004929865656030278
Esperanza High Uncertainty,650,2214872286,403367,3658,1254039.7566002246,0.0029008824353869245
Esperanza High Uncertainty,651,3253043167,304946,3769,1020559.6161044355,0.0033113002065627874
Esperanza High Uncertainty,652,2880504401,436737,6627,1468981.9923656972,0.0022889663914222695
Esperanza High Uncertainty,653,3329157065,411703,3100,1213433.029359962,0.0031623124710954994
Esperanza High Uncertainty,654,1138874408,326028,6142,1140055.0878649685,0.0028369755902637682
Esperanza High Uncertainty,655,2378930061,388746,6489,1337494.4686630738,0.002457730831381908
Esperanza High Uncertainty,656,1946014967,398724,2523,1153933.6700981027,0.0033865934162058907
Esperanza High Uncertainty,657,137470260,295169,3000,916429.4798138472,0.003974889088771521
Esperanza High Uncertainty,658,3288580711,289622,5890,1049134.5143483724,0.0029759221946666884
Esperanza High Uncertainty,659,2128107165,368762,6793,1323817.5725727633,0.0023798098175911117
Esperanza High Uncertainty,660,838639483,329728,1941,978501.2568170613,0.003894802375040166
Esperanza High Uncertainty,661,329114305,339223,3322,1053984.6485363524,0.0034535766025567535
Esperanza High Uncertainty,662,2419113386,335089,6299,1203347.025052719,0.0026171629746132925
Esperanza High Uncertainty,663,4100787043,308540,3048,937389.979801095,0.003971213488962293
Esperanza High Uncertainty,664,3820199464,328208,4472,1089678.2264367281,0.0031261152857508952
Esperanza High Uncertainty,665,997399774,298075,3945,960441.3455748466,0.003654569547505664
Esperanza High Uncertainty,666,1327724275,401178,6769,1394029.8582287394,0.002334776592929884
Esperanza High Uncertainty,667,11503109,400657,7176,1410776.83441132,0.0022767139511637737
Esperanza High Uncertainty,668,3822657304,351486,3251,1084334.997004579,0.003380908793865261
Esperanza High Uncertainty,669,802835505,340395,3896,1073994.6225397992,0.0033375772918438585
Esperanza High Uncertainty,670,4070226584,385615,5499,1303930.524963427,0.0025650591719894446
Esperanza High Uncertainty,671,3056935157,311490,4395,1011412.4797373189,0.003443815418353502
Esperanza High Uncertainty,672,3540373360,284393,4337,941059.9711355737,0.0036319233521280104
Esperanza High Uncertainty,673,799338683,357335,7377,1311749.4989923893,0.002348692255333757
Esperanza High Uncertainty,674,531942153,362232,4923,1221098.836718001,0.002747499058014098
Esperanza High Uncertainty,675,3359419325,316905,2356,973828.5360376757,0.0037793444190680524
Esperanza High Uncertainty,676,12298191,316857,2067,942704.8239493165,0.004032405705812594
Esperanza High Uncertainty,677,3393606693,377410,8522,1422908.8062611423,0.0021081991907728657
Esperanza High Uncertainty,678,2414206805,305722,4692,1065561.8476646978,0.00304524150963667
Esperanza High Uncertainty,679,2192677601,299030,5168,1013693.7286541285,0.003291195002723001
Esperanza High Uncertainty,680,1705804784,353916,4073,1127220.1722899948,0.003150177796033431
Esperanza High Uncertainty,681,578023675,299048,4225,1000084.843382958,0.0033815793659263418
Esperanza High Uncertainty,682,1591631387,280077,5299,991629.9278079852,0.0032212955185147046
Esperanza High Uncertainty,683,800213476,362955,6974,1308997.295531281,0.0023956736630110476
Esperanza High Uncertainty,684,786827048,387155,4395,1222304.3497035203,0.002930748365129872
Esperanza High Uncertainty,685,3053311871,281681,5795,1034285.700503951,0.0029780287527317977
Esperanza High Uncertainty,686,704634004,382624,8568,1454133.6330783293,0.002046519758903144
Esperanza High Uncertainty,687,2395684636,362929,5085,1198456.7220146824,0.002857783564537934
Esperanza High Uncertainty,688,3591427585,376687,5258,1271565.8496652562,0.0026348463502940365
Esperanza High Uncertainty,689,1955496146,368791,7065,1338628.5898782874,0.0023276222227306244
Esperanza High Uncertainty,690,3701932699,288138,6346,1055721.0533049414,0.0029238463473601406
Esperanza High Uncertainty,691,189095587,369802,5998,1278455.0379744628,0.002558884662703635
Esperanza High Uncertainty,692,3966512813,356116,6277,1251623.7349619414,0.002570965682164764
Esperanza High Uncertainty,693,2925435536,403028,6155,1358596.7175543706,0.0024694854456197954
Esperanza High Uncertainty,694,397234655,316589,3361,993151.4624317941,0.003630088571594587
Esperanza High Uncertainty,695,650991104,314792,5290,1077509.3411655594,0.003066436478105551
Esperanza High Uncertainty,696,974935981,288497,3613,946144.1637775386,0.003644844840143278
Esperanza High Uncertainty,697,2711498622,313945,5522,1092002.116040657,0.002977549460373172
Esperanza High Uncertainty,698,590266292,333115,6695,1207659.6570743194,0.0025831965116692415
Esperanza High Uncertainty,699,2235918720,351073,6977,1246365.875661815,0.0025559873733521656
Esperanza High Uncertainty,700,1979865280,330907,2336,993532.0511768251,0.0037913559847987475
Esperanza High Uncertainty,701,2492863912,359225,3072,1100529.8238217698,0.0033544034377315343
Esperanza High Uncertainty,702,1991280641,355484,7532,1307381.34531975,0.0023521654369555154
Esperanza High Uncertainty,703,1658870758,288038,4379,955191.2828136162,0.0035704376990138846
Esperanza High Uncertainty,704,142648632,340827,4866,1164144.8475881652,0.0028442798503007026
Esperanza High Uncertainty,705,2689371958,309296,4607,1024100.0446649276,0.003335353784608014
Esperanza High Uncertainty,706,1615065524,296210,2883,888703.3239875822,0.004241685655483113
Esperanza High Uncertainty,707,806366431,299054,1944,877916.116193717,0.004388296323373447
Esperanza High Uncertainty,708,2019035664,337026,5809,1187275.1246296456,0.0027040395661310406
Esperanza High Uncertainty,709,1405177717,322712,5540,1119325.5424220182,0.002913095080885164
Esperanza High Uncertainty,710,4215336669,360716,5307,1216742.2263346855,0.002755628192801394
Esperanza High Uncertainty,711,2981110765,321252,7682,1227602.957933222,0.002410917565533186
Esperanza High Uncertainty,712,1840499987,342402,6238,1199042.8324107544,0.0026935142132543787
Esperanza High Uncertainty,713,2872580621,331987,5245,1110652.9818271662,0.003043803958406877
Esperanza High Uncertainty,714,2783015927,384208,7467,1396783.6764059179,0.002227206446753885
Esperanza High Uncertainty,715,667279974,329772,6882,1207478.925475791,0.002558038239864358
Esperanza High Uncertainty,716,341780217,382862,3159,1185661.3692136963,0.003080160144221363
Esperanza High Uncertainty,717,2932622821,317368,4656,1054129.5013500957,0.003230186314012718
Esperanza High Uncertainty,718,896395955,288416,5355,1036373.12257806,0.0030369625746410733
Esperanza High Uncertainty,719,1235908056,328827,3574,1040432.7481132819,0.0034355147462868632
Esperanza High Uncertainty,720,763095484,277112,5140,979289.7221932542,0.0032680245710677964
Esperanza High Uncertainty,721,931431932,353973,2152,1029626.2892489803,0.0037762719656955867
Esperanza High Uncertainty,722,1879184414,318288,3542,1007166.5208602675,0.0035487064572961623
Esperanza High Uncertainty,723,2070346891,324198,5551,1144416.6311542946,0.0027995896787024604
Esperanza High Uncertainty,724,3762893149,332251,5516,1133835.4623297513,0.0029229312340446523
Esperanza High Uncertainty,725,2408611265,366057,8465,1383130.3842125407,0.002164087646194482
Esperanza High Uncertainty,726,4281809511,303617,2160,910191.0317686936,0.004144893289963299
Esperanza High Uncertainty,727,1689321004,310458,7043,1158956.7653422765,0.002614091343008338
Esperanza High Uncertainty,728,3649162213,399444,4662,1274585.9210920052,0.0027808018359413655
Esperanza High Uncertainty,729,2610934866,351795,6892,1284138.0444608508,0.0024127849238523096
Esperanza High Uncertainty,730,4158201330,352683,6378,1256147.4903778906,0.0025278752031244116
Esperanza High Uncertainty,731,757638603,303035,3887,977633.9061697008,0.003585854424721763
Esperanza High Uncertainty,732,3429800810,361651,7603,1341446.4578439351,0.0022729786566095395
Esperanza High Uncertainty,733,1538792448,331358,4040,1081289.7697260547,0.003205277578416723
Esperanza High Uncertainty,734,1204442232,321481,4102,1065556.8519974537,0.0032022440824819513
Esperanza High Uncertainty,735,2736255483,349488,2797,1048896.7091439557,0.003592685458936627
Esperanza High Uncertainty,736,3702379300,266086,3411,853080.8608160348,0.004135176026656654
Esperanza High Uncertainty,737,3697506672,363266,3331,1109534.3021707262,0.0033373031516844816
Esperanza High Uncertainty,738,945210690,371724,3863,1189991.3605481782,0.0029688301954530045
Esperanza High Uncertainty,739,2108033786,345894,4560,1129716.051074781,0.0030651857901592416
Esperanza High Uncertainty,740,3374488835,239770,605,669774.5579310535,0.006044911179140258
Esperanza High Uncertainty,741,2324541130,313910,3987,1026237.1723665262,0.0033710255264096075
Esperanza High Uncertainty,742,3620937290,358371,3203,1130170.1636244769,0.0031732008098044506
Esperanza High Uncertainty,743,4108588107,323669,5573,1122922.5272701178,0.002903045820673384
Esperanza High Uncertainty,744,3027317862,369387,8388,1399719.0465379457,0.002132319291103611
Esperanza High Uncertainty,745,2920293552,308912,6812,1123479.8865829993,0.0027679392187838275
Esperanza High Uncertainty,746,2003601214,350239,4398,1156953.8930438696,0.0029592712448363503
Esperanza High Uncertainty,747,3949093718,302989,3627,965062.5944916583,0.003679326001081681
Esperanza High Uncertainty,748,4123900666,353593,5247,1212132.0033889196,0.0027217999171629
Esperanza High Uncertainty,749,1453108827,302292,5783,1057768.3952867796,0.003055609516529316
Esperanza High Uncertainty,750,2247111845,273524,3585,889278.988492123,0.003911755935152503
Esperanza High Uncertainty,751,3714379668,325049,3688,1037689.893145911,0.0034140197887173335
Esperanza High Uncertainty,752,2695304623,316147,4774,1061458.7610860462,0.0031734757684040004
Esperanza High Uncertainty,753,2234258195,355234,7108,1308893.6202076033,0.002345082888792249
Esperanza High Uncertainty,754,1819204115,288401,2942,875547.6053873296,0.004254902435726788
Esperanza High Uncertainty,755,341165097,354347,3138,1114152.7502158824,0.0032284321269178957
Esperanza High Uncertainty,756,2701536045,371133,3660,1171996.7480112375,0.0030558295933993326
Esperanza High Uncertainty,757,938640091,378477,4189,1201102.386519221,0.002967097422532723
Esperanza High Uncertainty,758,3226824866,325367,5702,1119787.237230362,0.002934640114879038
Esperanza High Uncertainty,759,3490195006,281872,2667,866351.3694687979,0.004247331689926658
Esperanza High Uncertainty,760,3205968093,310796,4484,1056807.4494080062,0.0031472849303057575
Esperanza High Uncertainty,761,3339796800,312978,3075,973559.4191552242,0.003734575627593999
Esperanza High Uncertainty,762,1465301104,303212,5597,1078044.5597785653,0.0029507018835608486
Esperanza High Uncertainty,763,725353434,358846,8296,1358180.1872633288,0.002200116618203511
Esperanza High Uncertainty,764,2301930259,384474,4536,1238303.6722007038,0.002835730979953833
Esperanza High Uncertainty,765,592327589,409075,4680,1292710.8907626946,0.0027685508029453416
Esperanza High Uncertainty,766,2696412312,347434,8291,1331173.9686758327,0.0022174562354321786
Esperanza High Uncertainty,767,3397512035,325808,5473,1131806.4883007961,0.0028765356370121257
Esperanza High Uncertainty,768,338853202,328710,6012,1164809.6289751597,0.002740030427580535
Esperanza High Uncertainty,769,3933828105,324716,5218,1126384.73939674,0.002894559932759774
Esperanza High Uncertainty,770,1797481845,334012,6000,1148327.5056063216,0.0028647248040559975
Esperanza High Uncertainty,771,2850303230,272426,5457,971073.103144419,0.0032673606687677395
Esperanza High Uncertainty,772,360409019,355393,4263,1154612.6441270595,0.0030150090818351493
Esperanza High Uncertainty,773,3663766045,317884,4193,1046919.2957353627,0.0032801570217211727
Esperanza High Uncertainty,774,3427669199,352915,4474,1167917.7826478006,0.0029261591896988666
Esperanza High Uncertainty,775,3566100344,382714,5801,1280595.1808279608,0.002639386533572368
Esperanza High Uncertainty,776,4110558039,367312,6603,1293299.8020304234,0.002483642415834981
Esperanza High Uncertainty,777,236613911,386319,3446,1172582.189570006,0.003177692397381928
Esperanza High Uncertainty,778,2180764569,325822,1490,917485.1443183862,0.004377586099510367
Esperanza High Uncertainty,779,2907674046,368030,2584,1114695.033769252,0.0033498353606086027
Esperanza High Uncertainty,780,4010319840,325263,6352,1157609.6289751588,0.002745129112777852
Esperanza High Uncertainty,781,54106221,330378,5212,1116320.0294364968,0.002998375765784171
Esperanza High Uncertainty,782,608812335,383152,7963,1412107.8603823623,0.0021731401180206202
Esperanza High Uncertainty,783,367722557,356819,3007,1108879.8151562482,0.0032819456820789373
Esperanza High Uncertainty,784,17475692,320807,6199,1151165.5965177338,0.002737919063594288
Esperanza High Uncertainty,785,3093296547,319109,2804,997613.6031316662,0.0036263248131742642
Esperanza High Uncertainty,786,3632789670,319984,4437,1046090.3217064097,0.0033070614770278877
Esperanza High Uncertainty,787,587431214,385617,4537,1229604.49255702,0.00288454728512421
Esperanza High Uncertainty,788,1547987973,377838,8276,1429817.9144780787,0.0020902418508549347
Esperanza High Uncertainty,789,46402803,343782,2894,1051560.8303591716,0.0035161444297926313
Esperanza High Uncertainty,790,3626847649,336081,5305,1129845.096530484,0.0029775463040532745
Esperanza High Uncertainty,791,2775680767,338991,3893,1087008.80651624,0.0032446990109221297
Esperanza High Uncertainty,792,1005768438,354469,6809,1290360.3193487027,0.0024077347168979437
Esperanza High Uncertainty,793,593487486,377234,3897,1178969.754497622,0.0030694309971586137
Esperanza High Uncertainty,794,3304478855,254117,1708,703962.0167698485,0.0057994610955478774
Esperanza High Uncertainty,795,2572456250,370927,3103,1141238.0943513522,0.0032209820210993565
Esperanza High Uncertainty,796,2363245047,448000,8927,1631887.9554479565,0.0019026097300811108
Esperanza High Uncertainty,797,229578013,350857,3639,1104465.4883263053,0.0032529562277605804
Esperanza High Uncertainty,798,2859118306,294590,6492,1087442.4190786935,0.0028174604857075405
Esperanza High Uncertainty,799,657073174,307312,3359,965029.945139023,0.003732074570925445
Esperanza High Uncertainty,800,2620929688,327983,8437,1262933.217643663,0.00232564239107102
Esperanza High Uncertainty,801,244141278,363276,4058,1152536.7653422735,0.0030929970393118477
Esperanza High Uncertainty,802,3315860476,317697,5325,1081828.3065289948,0.0030700737318077103
Esperanza High Uncertainty,803,3098475827,331958,6999,1233230.2284883151,0.0024685799080535606
Esperanza High Uncertainty,804,2543196265,321113,4508,1085008.0034909602,0.0030849233515626807
Esperanza High Uncertainty,805,1490389842,334560,2711,1001076.2438187869,0.0037756530376369495
Esperanza High Uncertainty,806,3094939793,333476,3360,1077507.7892107142,0.003248449505279771
Esperanza High Uncertainty,807,711118571,325165,4999,1105283.1333461853,0.003010295164630987
Esperanza High Uncertainty,808,1517465059,311523,6025,1102306.0056445885,0.002899600345481352
Esperanza High Uncertainty,809,752720466,304911,4483,1005095.9407807532,0.003413582690863757
Esperanza High Uncertainty,810,1023837102,382202,5616,1310261.1050429412,0.0025178487054907488
Esperanza High Uncertainty,811,2195739813,344830,6830,1248287.1245786266,0.0025028131813772596
Esperanza High Uncertainty,812,2495623972,304674,6158,1069070.661509118,0.0030149141153667366
Esperanza High Uncertainty,813,1416815836,454760,7635,1560812.645974558,0.0021112180050606123
Esperanza High Uncertainty,814,830180518,328811,5413,1135896.2653550291,0.0028821817778548124
Esperanza High Uncertainty,815,482353488,319006,2851,989606.7698025861,0.0036840533420510234
Esperanza High Uncertainty,816,4142744711,291694,5550,1034743.862842108,0.0030811592891938073
Esperanza High Uncertainty,817,289061327,310099,5532,1066743.3909540211,0.003082001299451626
Esperanza High Uncertainty,818,3210265577,309045,5297,1054477.6550227345,0.003143397711100499
Esperanza High Uncertainty,819,4080101,333785,3584,1064987.646357219,0.003328358124185517
Esperanza High Uncertainty,820,3719978076,240883,1681,736942.0708655609,0.00501639612779958
Esperanza High Uncertainty,821,383402624,310941,4887,1053248.8411783138,0.003170066585683156
Esperanza High Uncertainty,822,1603322952,307299,3824,998396.8325638168,0.0034866401859215486
Esperanza High Uncertainty,823,35302084,384277,6515,1339282.9253737489,0.0024229926737693547
Esperanza High Uncertainty,824,158789587,398795,6996,1413055.9512937742,0.002258829032621998
Esperanza High Uncertainty,825,3198281194,396628,6715,1358384.0054405034,0.002431031716964187
Esperanza High Uncertainty,826,1904384894,340727,5205,1182118.3540617928,0.0027576363939951017
Esperanza High Uncertainty,827,2826327389,356259,4903,1202432.895171984,0.0027867404427001892
Esperanza High Uncertainty,828,3044784343,343638,7191,1254812.6288986285,0.002468287786774021
Esperanza High Uncertainty,829,3386008742,303583,6514,1125775.6939410376,0.002709106549466573
Esperanza High Uncertainty,830,280143421,402525,9278,1519965.5529350378,0.0019705059061690196
Esperanza High Uncertainty,831,1663564196,299714,5144,1024297.1009397764,0.0032307809706792175
Esperanza High Uncertainty,832,1096196026,344558,3145,1052848.6983248135,0.0035154650309451043
Esperanza High Uncertainty,833,3437416052,391357,6269,1355270.704581607,0.002409757708384407
Esperanza High Uncertainty,834,3067180731,393304,3626,1243060.576956537,0.0028786982931549875
Esperanza High Uncertainty,835,2346143817,340737,2396,1027390.4818909433,0.003650905509280981
Esperanza High Uncertainty,836,1226378309,388363,5892,1319261.105042943,0.0025236475606017017
Esperanza High Uncertainty,837,1211018764,323523,6749,1161633.375725591,0.002711560953504924
Esperanza High Uncertainty,838,1504230373,330538,1092,908495.2244106531,0.004529272713767248
Esperanza High Uncertainty,839,2396676317,338936,6548,1223496.3388843844,0.0025607355160783187
Esperanza High Uncertainty,840,1771980080,303048,4823,1037504.0771223564,0.003184081471351661
Esperanza High Uncertainty,841,69736572,417868,3943,1282848.107222074,0.00287171285625963
Esperanza High Uncertainty,842,2423800324,366429,5784,1253264.6895062341,0.002638496992532797
Esperanza High Uncertainty,843,2477447626,280028,2576,846041.3067075673,0.004424566200388202
Esperanza High Uncertainty,844,3447572775,314950,5267,1103298.3519591899,0.0029262272294264544
Esperanza High Uncertainty,845,2785160933,349163,4072,1137043.5445756398,0.0030544034105143415
Esperanza High Uncertainty,846,3164907615,313488,4918,1082101.6874801605,0.003027869449066177
Esperanza High Uncertainty,847,4260864837,309616,2244,902149.7828518822,0.004302476146359189
Esperanza High Uncertainty,848,2359852706,349360,8682,1339624.1028638133,0.0022017076257158756
Esperanza High Uncertainty,849,3170812308,292821,4605,950861.5057593834,0.003662857818563761
Esperanza High Uncertainty,850,3168602945,353861,6814,1282675.6267194974,0.002432491823676526
Esperanza High Uncertainty,851,1652666086,328394,3593,1028888.6268980689,0.0035084141489475206
Esperanza High Uncertainty,852,374240579,326982,5962,1174332.2696622782,0.0026816014338114018
Esperanza High Uncertainty,853,1830303738,289069,5952,1032749.9732381802,0.003065233114737515
Esperanza High Uncertainty,854,1812167847,357587,8727,1376897.8149521714,0.0021331955729486777
Esperanza High Uncertainty,855,96736775,373547,6262,1319994.6288476086,0.0024246736805063843
Esperanza High Uncertainty,856,1892954437,333368,2863,990131.6940430793,0.003845832436884632
Esperanza High Uncertainty,857,3715977227,385220,3959,1200121.7977741882,0.003024896731062559
Esperanza High Uncertainty,858,1749532938,300828,2499,882205.0187959257,0.004371511061158341
Esperanza High Uncertainty,859,1679379167,303492,3340,940244.8239493186,0.0038825559104864616
Esperanza High Uncertainty,860,4290034237,271185,3510,858800.1118864681,0.0041584726795564075
Esperanza High Uncertainty,861,1362974389,330325,5617,1146765.739371229,0.0028408244559394824
Esperanza High Uncertainty,862,3875017186,325881,3711,1045515.6918384321,0.0033717106908657214
Esperanza High Uncertainty,863,3854378069,359699,3902,1126289.2891724461,0.0032069463590827536
Esperanza High Uncertainty,864,4052643837,345750,7977,1304792.5141442914,0.0022968447943929153
Esperanza High Uncertainty,865,3643407366,327101,1791,918030.2027468563,0.0043895530925010156
Esperanza High Uncertainty,866,3577363098,449347,6008,1483552.4923529369,0.002309023670208275
Esperanza High Uncertainty,867,180673052,321782,6566,1165495.213387432,0.0026791259541687376
Esperanza High Uncertainty,868,1859076051,279041,5991,1037842.756778798,0.0029299302101197084
Esperanza High Uncertainty,869,3458410830,287506,4516,968607.3758786498,0.0034658019540031735
Esperanza High Uncertainty,870,1664908251,375608,7158,1350044.825796821,0.00233072390066497
Esperanza High Uncertainty,871,4078124269,296201,3387,922879.3282948328,0.0039332274126677854
Esperanza High Uncertainty,872,2177765109,336949,4750,1141536.0510747817,0.0029244034131106333
Esperanza High Uncertainty,873,4242975671,402813,4315,1285403.2544083341,0.002757255814979699
Esperanza High Uncertainty,874,2633765352,352766,4318,1138605.7393712327,0.00307745957533952
Esperanza High Uncertainty,875,2655527046,316864,4055,1024588.0554840724,0.0034137105673998024
Esperanza High Uncertainty,876,3766238334,304840,4004,989297.724346881,0.0035226565792379097
Esperanza High Uncertainty,877,477489974,319100,3892,1014619.830384682,0.003505681729743352
Esperanza High Uncertainty,878,1283960317,301304,4597,1026176.9580862774,0.003236031595474768
Esperanza High Uncertainty,879,2548382236,342082,4623,1146585.9536514764,0.0029428583730589136
Esperanza High Uncertainty,880,3346840486,327354,3721,1064646.5576249412,0.003266322910096555
Esperanza High Uncertainty,881,4269233432,299844,2845,934745.4126943483,0.003881155571716963
Esperanza High Uncertainty,882,1925650425,366610,5316,1241225.0639710159,0.0026912596936337534
Esperanza High Uncertainty,883,1676525409,319324,5617,1132948.5575739213,0.00281360775682369
Esperanza High Uncertainty,884,1344257955,333292,3038,1042637.4580735235,0.0034674532626311596
Esperanza High Uncertainty,885,3601477294,315619,3334,984537.3498820969,0.003682570926841177
Esperanza High Uncertainty,886,4061665049,344084,7176,1269161.7371155664,0.002415922012331479
Esperanza High Uncertainty,887,99110171,338473,4898,1136186.702581045,0.002965357096661468
Esperanza High Uncertainty,888,2584611362,277924,4195,947062.4689691967,0.0035044605258617335
Esperanza High Uncertainty,889,1896209855,347934,7887,1309206.2608947218,0.0022957949505532827
Esperanza High Uncertainty,890,2812084128,390107,2883,1151304.2675086502,0.0033285561522158977
Esperanza High Uncertainty,891,3632182234,346922,6219,1201237.6765589793,0.002719107165223504
Esperanza High Uncertainty,892,711500889,297402,3940,987790.9624445474,0.0034471974633738466
Esperanza High Uncertainty,893,3276304488,324780,4903,1102273.8736102285,0.0030231703767493842
Esperanza High Uncertainty,894,4047844449,367720,5693,1274977.3215278324,0.002558377960494412
Esperanza High Uncertainty,895,3057511968,363401,7338,1333648.2240790243,0.0023107656846339513
Esperanza High Uncertainty,896,4070391908,417832,6764,1436196.2824309596,0.0022910073089623196
Esperanza High Uncertainty,897,4006744990,351187,2861,1073621.616053413,0.003445786068392285
Esperanza High Uncertainty,898,2019425155,288709,4205,982570.2308460172,0.0033820925811424434
Esperanza High Uncertainty,899,2118699528,320067,4522,1069494.4970173335,0.003164726357430742
Esperanza High Uncertainty,900,87157782,403997,5280,1344690.633154855,0.002526886610921904
Esperanza High Uncertainty,901,3411302026,354757,2826,1097921.5272956241,0.00332844010346929
Esperanza High Uncertainty,902,3902320014,369142,4573,1206539.7285010656,0.002867890602033641
Esperanza High Uncertainty,903,3291849742,392013,7613,1427057.9144780743,0.0021770562275956213
Esperanza High Uncertainty,904,871400487,309231,4188,1008156.975417316,0.003440955686135502
Esperanza High Uncertainty,905,4104501528,371235,6233,1299212.1483450227,0.002487374298621808
Esperanza High Uncertainty,906,2302587353,327175,4805,1094351.1614963622,0.003089719673182834
Esperanza High Uncertainty,907,1461767280,375857,7050,1351197.9838022196,0.0023282898206267305
Esperanza High Uncertainty,908,2032988155,349855,4649,1157834.5532156506,0.002951531662133396
Esperanza High Uncertainty,909,975768369,313081,2534,951730.1053235572,0.0039091422234027885
Esperanza High Uncertainty,910,3183541950,321512,4790,1068068.2351022481,0.003187510046315362
Esperanza High Uncertainty,911,481001727,342446,4615,1125451.5727258204,0.0030576716485752257
Esperanza High Uncertainty,912,1707531899,314526,4277,1039748.6268980657,0.0032904266522177103
Esperanza High Uncertainty,913,1714597948,381701,9097,1459562.232642503,0.0020264245439537126
Esperanza High Uncertainty,914,3843022066,314726,5320,1085291.6788146445,0.0030219832248425302
Esperanza High Uncertainty,915,1505867616,298192,1995,882881.8607905236,0.00432656440579641
Esperanza High Uncertainty,916,3691867648,321398,4892,1106496.9601888806,0.0029688967414840286
Esperanza High Uncertainty,917,2246344208,403861,6283,1407870.492403959,0.0023044053587709117
Esperanza High Uncertainty,918,1950320486,392516,3376,1211532.2176691713,0.0030244039925019176
Esperanza High Uncertainty,919,3166356930,384075,8438,1426241.6698940275,0.0021354144190382247
Esperanza High Uncertainty,920,937495590,432092,3680,1318689.7673683406,0.0028102394536346545
Esperanza High Uncertainty,921,248192731,319725,5245,1098506.9688543999,0.002996562475104349
Esperanza High Uncertainty,922,3489363852,303343,3784,972803.3260901875,0.0036252357771703325
Esperanza High Uncertainty,923,1806973125,342254,6049,1196758.7826222905,0.002702636634500501
Esperanza High Uncertainty,924,1855657492,438653,6356,1478600.5118375996,0.002269194764886162
Esperanza High Uncertainty,925,4244120505,303261,9585,1286137.0184898071,0.002073454258460427
Esperanza High Uncertainty,926,1236309181,346864,6868,1260476.4470758112,0.0024691196261311245
Esperanza High Uncertainty,927,3637713036,332596,6559,1188520.4146694033,0.0026629076400082894
Esperanza High Uncertainty,928,3132082241,377724,7902,1399907.7261943847,0.0021798576431190245
Esperanza High Uncertainty,929,1928495726,367509,6237,1292239.1418586394,0.002489055435605433
Esperanza High Uncertainty,930,1007279394,392258,7683,1420957.0400260505,0.0021971630511262584
Esperanza High Uncertainty,931,1768089499,315746,2896,956549.8737122723,0.0039027882921315463
Esperanza High Uncertainty,932,1415087676,350703,2226,1026023.2740970803,0.0037677096696481934
Esperanza High Uncertainty,933,123807236,302780,6405,1108540.7069393157,0.0027866104857977854
Esperanza High Uncertainty,934,3864902330,367425,4567,1193144.5272190939,0.0029190058760253774
Esperanza High Uncertainty,935,1219314646,334051,6526,1209050.6830453624,0.0025844976175518663
Esperanza High Uncertainty,936,3669202470,331257,4076,1083405.5770840922,0.0031917973077832764
Esperanza High Uncertainty,937,487571772,303105,6133,1076273.67666102,0.00295937524738607
Esperanza High Uncertainty,938,4185041254,300543,5584,1049563.4082850595,0.0030856142273153033
Esperanza High Uncertainty,939,333622324,362337,8898,1407530.5898272705,0.0020684706997419243
Esperanza High Uncertainty,940,561784333,383203,6361,1324585.1461658902,0.002470139682958523
Esperanza High Uncertainty,941,821009914,334122,6108,1178290.7177074337,0.002721776957104226
Esperanza High Uncertainty,942,295544021,273646,3255,916441.8434594887,0.0036849504903782326
Esperanza High Uncertainty,943,1553667327,289790,6732,1083152.7848779568,0.0027935492157694273
Esperanza High Uncertainty,944,3924845460,341766,3386,1065306.254586908,0.003405903001278202
Esperanza High Uncertainty,945,3427681282,314556,6628,1149727.577033071,0.0026912897064140626
Esperanza High Uncertainty,946,3368568551,316508,4117,1031064.3087336412,0.0033671739891245516
Esperanza High Uncertainty,947,2001591426,296305,1999,876517.3824415657,0.004361845588414241
Esperanza High Uncertainty,948,3741388522,285095,1713,837121.6811723491,0.004601133071325102
Esperanza High Uncertainty,949,3452896477,364381,8308,1372438.9296810005,0.002187872652971848
Esperanza High Uncertainty,950,3964484084,358463,7471,1321287.9470375453,0.0023222114492299118
Esperanza High Uncertainty,951,2115272042,310231,4655,1040225.6117461647,0.003242518639240829
Esperanza High Uncertainty,952,2102766244,302727,6132,1134085.9082212856,0.002662021890091653
Esperanza High Uncertainty,953,1843312918,322614,6623,1188902.0380509966,0.0025813294740932675
Esperanza High Uncertainty,954,2975216005,395344,6930,1404471.6872250584,0.0022667391633139295
Esperanza High Uncertainty,955,2876787487,367665,5198,1235025.2955822998,0.0027261701412185434
Esperanza High Uncertainty,956,2447061855,339137,8292,1291833.5487808576,0.0022983408157809964
Esperanza High Uncertainty,957,2383458934,361436,3005,1078469.2524077748,0.0035145380158765963
Esperanza High Uncertainty,958,3173580854,327200,3691,1069966.7004784376,0.003232400348446443
Esperanza High Uncertainty,959,2041775663,354025,3791,1106147.6831218933,0.003272352476335463
Esperanza High Uncertainty,960,1843420474,369273,6537,1318585.8150031883,0.0024020560069480724
Esperanza High Uncertainty,961,959803602,350886,1602,991389.9278079846,0.00403765687684062
Esperanza High Uncertainty,962,2237752065,340183,4646,1142014.4991199372,0.0029499981570604984
Esperanza High Uncertainty,963,1090838884,368994,6021,1264262.477379612,0.0026109417380501534
Esperanza High Uncertainty,964,3053693123,328779,5459,1139553.7675214075,0.002863431518642835
Esperanza High Uncertainty,965,405210387,345940,6473,1248333.449254944,0.002510683331256818
Esperanza High Uncertainty,966,1279553196,320285,2448,987865.5208857729,0.0037118747880088947
Esperanza High Uncertainty,967,2057113328,406345,6561,1408008.3690351213,0.002318124842963964
Esperanza High Uncertainty,968,2433125044,367538,2352,1082180.2069520673,0.0035494041138972713
Esperanza High Uncertainty,969,1804976126,304963,2614,976306.4126688401,0.003618488868229065
Esperanza High Uncertainty,970,981078557,328450,4533,1088895.4255650763,0.0031329199118728403
Esperanza High Uncertainty,971,2018323052,349898,7784,1332214.7717011094,0.0022296944039529422
Esperanza High Uncertainty,972,3613866018,302418,3138,973604.9494717801,0.0036082320875685378
Esperanza High Uncertainty,973,2918920161,310173,5127,1083896.6918129215,0.0029859366022406976
Esperanza High Uncertainty,974,1512988625,308823,2664,934388.4278462508,0.00400043398988625
Esperanza High Uncertainty,975,1022922666,346611,7159,1268536.670021578,0.002436063825256106
Esperanza High Uncertainty,976,3325937446,402040,7233,1410591.901505306,0.0022851718497250923
Esperanza High Uncertainty,977,755249018,293130,3752,928778.0620469868,0.003843162464235159
Esperanza High Uncertainty,978,3205670139,358219,3909,1153849.2718414103,0.003043006149385698
Esperanza High Uncertainty,979,708796265,390142,2686,1143994.1960819014,0.0033715331736189104
Esperanza High Uncertainty,980,77861672,321471,4436,1090549.3238345196,0.0030570570888658983
Esperanza High Uncertainty,981,3793031284,309093,6131,1118457.9774944084,0.0027944876858663173
Esperanza High Uncertainty,982,3270882634,350894,5732,1227168.6137722335,0.002635237957148159
Esperanza High Uncertainty,983,2408121673,316624,4929,1068053.4623807715,0.0031391366407807863
Esperanza High Uncertainty,984,3880516786,332225,3395,1058967.1463699692,0.003350577827508576
Esperanza High Uncertainty,985,2548855499,328337,5023,1106029.2350767343,0.003035561150370316
Esperanza High Uncertainty,986,3113186231,338057,6248,1181526.667918971,0.0027387680305151923
Esperanza High Uncertainty,987,1372139648,331794,5698,1155491.8411017812,0.00281052294421108
Esperanza High Uncertainty,988,1539435832,327314,4974,1118886.5056318308,0.002956956140690881
Esperanza High Uncertainty,989,2843500234,344924,6929,1253209.6224122476,0.002483867046184766
Esperanza High Uncertainty,990,1725926539,323280,3826,1030768.7870826015,0.003441190320704401
Esperanza High Uncertainty,991,1056842549,303245,2723,957028.7135532486,0.00374451941077769
Esperanza High Uncertainty,992,1310259839,337001,5304,1156518.0856858327,0.002849565904064499
Esperanza High Uncertainty,993,3248771030,419820,7178,1465050.5291686372,0.0022121281915618435
Esperanza High Uncertainty,994,3204602600,379017,7398,1372362.9708039456,0.0022760043117359117
Esperanza High Uncertainty,995,1846862203,350341,7875,1325267.1353467514,0.0022559864261027483
Esperanza High Uncertainty,996,296752883,326163,7120,1200758.711195543,0.002558441991303493
Esperanza High Uncertainty,997,3355791706,325272,5893,1136948.9147076658,0.002845883715722061
Esperanza High Uncertainty,998,1964351039,294506,3658,975000.0252312884,0.003503783529096665
Esperanza High Uncertainty,999,1912529576,287962,3332,913872.8694305343,0.0038995634024274906
