run,seed,run_uid,strategy,norm_area,norm_bldg,composite
0,2872554240,0|2872554240,MCTS,0.6788671714722668,0.13717765042979943,0.3177408241106219
0,2872554240,0|2872554240,ROS–Mean,0.8188667984632026,0.7628939828080229,0.7815515880264161
0,2872554240,0|2872554240,ROS–Truth,0.8793502182103025,0.8649713467048711,0.8697643038733482
0,2872554240,0|2872554240,Random Allocation,0.874258644485061,0.6769340974212035,0.7427089464424892
0,2872554240,0|2872554240,Structures–Exposure,0.7671117908165168,0.1930515759312321,0.38440498089299363
0,2872554240,0|2872554240,Structures–Outcome (Mean),0.7770151814689097,0.1998567335243553,0.3922428828392067
0,2872554240,0|2872554240,Structures–Outcome (Truth),0.7567234883807676,0.15257879656160458,0.3539603605013256
0,2872554240,0|2872554240,Wind–Mean,0.7557070386810399,0.5537249283667621,0.6210522984715214
0,2872554240,0|2872554240,Wind–Mean Lookahead,0.7424279159983588,0.53689111747851,0.6054033836517929
0,2872554240,0|2872554240,Wind–Truth,0.7569566190458428,0.5537249283667621,0.621468825259789
0,2872554240,0|2872554240,Wind–Truth Lookahead,0.7468200977283748,0.5533667621776505,0.6178512073612252
10,2244545802,10|2244545802,MCTS,0.7921022610386939,0.3148148148148148,0.47391063022277446
10,2244545802,10|2244545802,ROS–Mean,0.7391670251164183,0.1996996996996997,0.3795221415052725
10,2244545802,10|2244545802,ROS–Truth,0.8220063211834452,0.33983983983983984,0.5005620002877083
10,2244545802,10|2244545802,Random Allocation,0.8068859755755456,0.6566566566566566,0.7067330962962863
10,2244545802,10|2244545802,Structures–Exposure,0.7316489311963494,0.12662662662662663,0.32830072814986755
10,2244545802,10|2244545802,Structures–Outcome (Mean),0.7159581829402853,0.1016016016016016,0.30638712871449614
10,2244545802,10|2244545802,Structures–Outcome (Truth),0.7569617175665314,0.13163163163163163,0.34007499360993154
10,2244545802,10|2244545802,Wind–Mean,0.7861083578014251,0.6606606606606606,0.702476559707582
10,2244545802,10|2244545802,Wind–Mean Lookahead,0.8224645134745937,0.7252252252252253,0.757638321308348
10,2244545802,10|2244545802,Wind–Truth,0.7927755231807896,0.6646646646646647,0.7073682841700396
10,2244545802,10|2244545802,Wind–Truth Lookahead,0.8068859755755456,0.6556556556556556,0.706065762295619
11,2244545803,11|2244545803,MCTS,0.6734935204660224,0.04431599229287091,0.25404183501725475
11,2244545803,11|2244545803,ROS–Mean,0.6968915683670799,0.302504816955684,0.43396706742614927
11,2244545803,11|2244545803,ROS–Truth,0.7049170794118502,0.33236994219653176,0.4565523212683046
11,2244545803,11|2244545803,Random Allocation,0.7279661920500916,0.23892100192678228,0.4019360653012187
11,2244545803,11|2244545803,Structures–Exposure,0.6904653439435501,0.049614643545279384,0.26323154367803625
11,2244545803,11|2244545803,Structures–Outcome (Mean),0.6806563859999418,0.05394990366088632,0.26285206444057146
11,2244545803,11|2244545803,Structures–Outcome (Truth),0.6625796008568299,0.051059730250481696,0.2548996871192644
11,2244545803,11|2244545803,Wind–Mean,0.8446365742311308,0.7432562620423893,0.7770496994386364
11,2244545803,11|2244545803,Wind–Mean Lookahead,0.7443467641100697,0.3877649325626204,0.5066255430784368
11,2244545803,11|2244545803,Wind–Truth,0.845130899186787,0.7432562620423893,0.7772144744238552
11,2244545803,11|2244545803,Wind–Truth Lookahead,0.7618904537127681,0.5052986512524085,0.5908292520725282
12,2244545804,12|2244545804,MCTS,0.7753421886064228,0.2677165354330709,0.4369250864908548
12,2244545804,12|2244545804,ROS–Mean,0.7214868766097844,0.4956485702445089,0.5709280056996007
12,2244545804,12|2244545804,ROS–Truth,0.6913493786524111,0.33982594280978035,0.45700042142399055
12,2244545804,12|2244545804,Random Allocation,0.8086545120651151,0.3804392871943639,0.5231776954846142
12,2244545804,12|2244545804,Structures–Exposure,0.8229490082561026,0.29714048901782014,0.47240999543058093
12,2244545804,12|2244545804,Structures–Outcome (Mean),0.834496657873645,0.2987981765437215,0.4773643369870293
12,2244545804,12|2244545804,Structures–Outcome (Truth),0.760853156539129,0.21549937836717778,0.3972839710911615
12,2244545804,12|2244545804,Wind–Mean,0.8778781582899519,0.8027351844177373,0.8277828423751421
12,2244545804,12|2244545804,Wind–Mean Lookahead,0.8658402782641175,0.8193120596767509,0.8348214658725397
12,2244545804,12|2244545804,Wind–Truth,0.8846246624802546,0.8305014504765852,0.8485425211444749
12,2244545804,12|2244545804,Wind–Truth Lookahead,0.8879940238578798,0.8114380439287194,0.8369567039051062
13,2244545805,13|2244545805,MCTS,0.697707034514558,0.32077542062911485,0.44641929192426255
13,2244545805,13|2244545805,ROS–Mean,0.7196184474692846,0.37673738112655447,0.4910310699074645
13,2244545805,13|2244545805,ROS–Truth,0.7795506287163427,0.5610826627651793,0.6339053180822337
13,2244545805,13|2244545805,Random Allocation,0.860731405077761,0.9608632040965618,0.9274859377569615
13,2244545805,13|2244545805,Structures–Exposure,0.8024706775151055,0.520848573518654,0.6147226081841377
13,2244545805,13|2244545805,Structures–Outcome (Mean),0.7599446691194128,0.29334308705193857,0.44887694774109665
13,2244545805,13|2244545805,Structures–Outcome (Truth),0.730742259920654,0.21726408193123628,0.38842347459437554
13,2244545805,13|2244545805,Wind–Mean,0.8476863814948944,0.6616678858814923,0.7236740510859596
13,2244545805,13|2244545805,Wind–Mean Lookahead,0.8857839982324858,0.8006583760058522,0.82903358341473
13,2244545805,13|2244545805,Wind–Truth,0.8514231371456566,0.6616678858814923,0.7249196363028804
13,2244545805,13|2244545805,Wind–Truth Lookahead,0.912623317739503,0.8280907095830286,0.8562682456351867
14,2244545806,14|2244545806,MCTS,0.6317937701396348,0.08801389693109438,0.2692738546672745
14,2244545806,14|2244545806,ROS–Mean,0.6908786251342642,0.2495657209033005,0.3966700223136217
14,2244545806,14|2244545806,ROS–Truth,0.6805499462943072,0.30602200347423275,0.4308646510809242
14,2244545806,14|2244545806,Random Allocation,0.7435875402792697,0.5732484076433121,0.6300281185219646
14,2244545806,14|2244545806,Structures–Exposure,0.6720601503759398,0.15489287782281413,0.327281968673856
14,2244545806,14|2244545806,Structures–Outcome (Mean),0.6897529538131042,0.17168500289519398,0.34437431986783074
14,2244545806,14|2244545806,Structures–Outcome (Truth),0.6638539205155747,0.1250723798494499,0.30466622673815813
14,2244545806,14|2244545806,Wind–Mean,0.8224790547798067,0.8077591198610307,0.8126657648339559
14,2244545806,14|2244545806,Wind–Mean Lookahead,0.7945349087003223,0.7565141864504922,0.7691877605337688
14,2244545806,14|2244545806,Wind–Truth,0.8222126745435017,0.8042848870874348,0.8102608162394571
14,2244545806,14|2244545806,Wind–Truth Lookahead,0.7980064446831364,0.8361320208453966,0.8234234954579764
15,2244545807,15|2244545807,MCTS,0.7337625118827937,0.1400906468891636,0.33798126855370697
15,2244545807,15|2244545807,ROS–Mean,0.744023653749371,0.3819530284301607,0.5026432368698974
15,2244545807,15|2244545807,ROS–Truth,0.7823841078118884,0.46600741656365885,0.571466313646402
15,2244545807,15|2244545807,Random Allocation,0.8323966895934687,0.8755665430572723,0.861176591902671
15,2244545807,15|2244545807,Structures–Exposure,0.7950637476933401,0.3481664606510095,0.497132222998453
15,2244545807,15|2244545807,Structures–Outcome (Mean),0.7942109824973439,0.24557066337041616,0.4284507697460587
15,2244545807,15|2244545807,Structures–Outcome (Truth),0.7973494380137561,0.27812113720642767,0.45119723747553714
15,2244545807,15|2244545807,Wind–Mean,0.7218168092601912,0.8360115368768026,0.7979466276712655
15,2244545807,15|2244545807,Wind–Mean Lookahead,0.8227856064418722,0.6909765142150803,0.7349128782906775
15,2244545807,15|2244545807,Wind–Truth,0.7197058659061679,0.8261227853316853,0.7906504788565127
15,2244545807,15|2244545807,Wind–Truth Lookahead,0.8300480903651513,0.930778739184178,0.8972018562445023
16,2244545808,16|2244545808,MCTS,0.728152543851994,0.23103581055063535,0.39674138831775485
16,2244545808,16|2244545808,ROS–Mean,0.7298280827297321,0.20292645360030806,0.3785603299767827
16,2244545808,16|2244545808,ROS–Truth,0.7548040841260145,0.22140931844435888,0.39920757367157744
16,2244545808,16|2244545808,Random Allocation,0.7860720830788027,0.8375048132460532,0.8203605698569696
16,2244545808,16|2244545808,Structures–Exposure,0.7449952002792565,0.16326530612244897,0.3571752708413848
16,2244545808,16|2244545808,Structures–Outcome (Mean),0.7435465572912121,0.14709279938390452,0.3459107186863404
16,2244545808,16|2244545808,Structures–Outcome (Truth),0.7435116502312593,0.1921447824412784,0.375933738371272
16,2244545808,16|2244545808,Wind–Mean,0.7827122785583385,0.6257219869079708,0.6780520841247599
16,2244545808,16|2244545808,Wind–Mean Lookahead,0.7217209180556767,0.5560261840585291,0.6112577620575783
16,2244545808,16|2244545808,Wind–Truth,0.7634872152892923,0.5895263765883711,0.6475133228220116
16,2244545808,16|2244545808,Wind–Truth Lookahead,0.7339820228641243,0.5429341547939931,0.6066167774840368
17,2244545809,17|2244545809,MCTS,0.6582126436215775,0.132517104789341,0.30774895106675315
17,2244545809,17|2244545809,ROS–Mean,0.6853272159812541,0.1840115232265034,0.35111675414475363
17,2244545809,17|2244545809,ROS–Truth,0.6800303242130965,0.34893770255671586,0.4593019097755094
17,2244545809,17|2244545809,Random Allocation,0.6834861030432514,0.19085343896290963,0.3550643269896902
17,2244545809,17|2244545809,Structures–Exposure,0.696659413797517,0.19121353979114153,0.35969549779326665
17,2244545809,17|2244545809,Structures–Outcome (Mean),0.7028030206066812,0.17140799423838673,0.34853966969448485
17,2244545809,17|2244545809,Structures–Outcome (Truth),0.700568086719373,0.17140799423838673,0.3477946917320488
17,2244545809,17|2244545809,Wind–Mean,0.7266488790871231,0.6280158444364422,0.6608935226533358
17,2244545809,17|2244545809,Wind–Mean Lookahead,0.7663755673483051,0.6769895570759813,0.7067848938334225
17,2244545809,17|2244545809,Wind–Truth,0.7949374316966791,0.799063737846597,0.7976883024632909
17,2244545809,17|2244545809,Wind–Truth Lookahead,0.7682068347625752,0.7039971191933742,0.7254003577164412
18,2244545810,18|2244545810,MCTS,0.7309526894131226,0.27,0.42365089647104087
18,2244545810,18|2244545810,ROS–Mean,0.8073244844359122,0.3240909090909091,0.48516876753924343
18,2244545810,18|2244545810,ROS–Truth,0.7361996066284288,0.31863636363636366,0.45782411130038536
18,2244545810,18|2244545810,Random Allocation,0.8589103371924577,0.8904545454545455,0.8799398093671829
18,2244545810,18|2244545810,Structures–Exposure,0.7947813490053823,0.23068181818181818,0.41871499512300625
18,2244545810,18|2244545810,Structures–Outcome (Mean),0.8092265655364105,0.23,0.42307552184547015
18,2244545810,18|2244545810,Structures–Outcome (Truth),0.808402134099662,0.25931818181818184,0.4423461659120085
18,2244545810,18|2244545810,Wind–Mean,0.8785141389991402,0.918409090909091,0.905110773605774
18,2244545810,18|2244545810,Wind–Mean Lookahead,0.821987586418081,0.8688636363636364,0.8532382863817846
18,2244545810,18|2244545810,Wind–Truth,0.8817294216024592,0.8920454545454546,0.8886067768977894
18,2244545810,18|2244545810,Wind–Truth Lookahead,0.7970779794363244,0.8181818181818182,0.8111472052666535
19,2244545811,19|2244545811,MCTS,0.6155435189251615,0.07111716621253406,0.2525926171167432
19,2244545811,19|2244545811,ROS–Mean,0.6827778591063616,0.30272479564032695,0.42940915012900516
19,2244545811,19|2244545811,ROS–Truth,0.7526716439759918,0.5490463215258855,0.6169214290092543
19,2244545811,19|2244545811,Random Allocation,0.7534686640966834,0.8182561307901908,0.7966603085590216
19,2244545811,19|2244545811,Structures–Exposure,0.7198880918687682,0.1997275204359673,0.37311437758023425
19,2244545811,19|2244545811,Structures–Outcome (Mean),0.7342588526163405,0.20899182561307902,0.3840808346141662
19,2244545811,19|2244545811,Structures–Outcome (Truth),0.6911791018071212,0.19564032697547684,0.3608199185860249
19,2244545811,19|2244545811,Wind–Mean,0.8711999219245596,0.9160762942779291,0.9011175034934725
19,2244545811,19|2244545811,Wind–Mean Lookahead,0.7731013842124953,0.7147138964577656,0.7341763923760087
19,2244545811,19|2244545811,Wind–Truth,0.8823988679061143,0.9049046321525885,0.897402710737097
19,2244545811,19|2244545811,Wind–Truth Lookahead,0.7713609525203728,0.7465940054495913,0.7548496544731851
1,2872554241,1|2872554241,MCTS,0.6945651531899454,0.15871934604904633,0.3373346150960127
1,2872554241,1|2872554241,ROS–Mean,0.6987587859559711,0.1624659400544959,0.3412302220216543
1,2872554241,1|2872554241,ROS–Truth,0.7057116096968266,0.15122615803814715,0.3360546419243736
1,2872554241,1|2872554241,Random Allocation,0.7064288305924245,0.15769754768392372,0.3406079753200906
1,2872554241,1|2872554241,Structures–Exposure,0.7573937036443259,0.13555858310626703,0.3428369566189533
1,2872554241,1|2872554241,Structures–Outcome (Mean),0.7603300903698329,0.15156675749318801,0.3544878684520696
1,2872554241,1|2872554241,Structures–Outcome (Truth),0.7516474985866529,0.15974114441416895,0.35704326247166357
1,2872554241,1|2872554241,Wind–Mean,0.8352417034418165,0.7908719346049047,0.8056618575505419
1,2872554241,1|2872554241,Wind–Mean Lookahead,0.7834161653151975,0.49318801089918257,0.5899307290378542
1,2872554241,1|2872554241,Wind–Truth,0.8310565085686802,0.7850817438692098,0.8004066654356998
1,2872554241,1|2872554241,Wind–Truth Lookahead,0.7923856454566166,0.5143051771117166,0.6069986665600167
20,2244545812,20|2244545812,MCTS,0.6720136930689811,0.09724473257698542,0.2888343860743173
20,2244545812,20|2244545812,ROS–Mean,0.8095368714409541,0.7622906537007024,0.778039392947453
20,2244545812,20|2244545812,ROS–Truth,0.7742179699586356,0.6990815775256618,0.7241270416699863
20,2244545812,20|2244545812,Random Allocation,0.8342238948442523,0.757428417071853,0.7830269096626528
20,2244545812,20|2244545812,Structures–Exposure,0.7564872011498667,0.14640734737979472,0.3497672986364853
20,2244545812,20|2244545812,Structures–Outcome (Mean),0.7433537046993121,0.05564559697460832,0.2848816328828429
20,2244545812,20|2244545812,Structures–Outcome (Truth),0.7511877201259587,0.14748784440842788,0.34872113631427143
20,2244545812,20|2244545812,Wind–Mean,0.7333911192547811,0.6920583468395461,0.7058359376446244
20,2244545812,20|2244545812,Wind–Mean Lookahead,0.7999034463084671,0.7174500270124257,0.7449345001111061
20,2244545812,20|2244545812,Wind–Truth,0.7333911192547811,0.6920583468395461,0.7058359376446244
20,2244545812,20|2244545812,Wind–Truth Lookahead,0.8143974720488035,0.7212317666126418,0.752287001758029
21,2244545813,21|2244545813,MCTS,0.602315414507772,0.06398274622573688,0.24342696898641525
21,2244545813,21|2244545813,ROS–Mean,0.6597474093264248,0.23184759166067578,0.3744808642159254
21,2244545813,21|2244545813,ROS–Truth,0.7525016191709845,0.34579439252336447,0.4813634680725711
21,2244545813,21|2244545813,Random Allocation,0.741523639896373,0.7343637670740475,0.736750391348156
21,2244545813,21|2244545813,Structures–Exposure,0.7488827720207254,0.2102803738317757,0.3898145065614256
21,2244545813,21|2244545813,Structures–Outcome (Mean),0.7592535621761658,0.20668583752695902,0.39087507907669455
21,2244545813,21|2244545813,Structures–Outcome (Truth),0.7080796632124352,0.204529115744069,0.3723792982335244
21,2244545813,21|2244545813,Wind–Mean,0.7488908678756476,0.6135873472322071,0.6586885207800206
21,2244545813,21|2244545813,Wind–Mean Lookahead,0.7984617875647668,0.7843278217109992,0.789039143662255
21,2244545813,21|2244545813,Wind–Truth,0.7495547279792746,0.6135873472322071,0.6589098074812295
21,2244545813,21|2244545813,Wind–Truth Lookahead,0.7956282383419689,0.789000718907261,0.7912098920521635
22,2244545814,22|2244545814,MCTS,0.6750099024841089,0.10908141962421712,0.297724247244181
22,2244545814,22|2244545814,ROS–Mean,0.7257577758077598,0.18058455114822547,0.3623089593680702
22,2244545814,22|2244545814,ROS–Truth,0.7448271309202709,0.3684759916492693,0.4939263714062698
22,2244545814,22|2244545814,Random Allocation,0.7640568119659732,0.8481210855949896,0.8200996610519841
22,2244545814,22|2244545814,Structures–Exposure,0.7844936529792331,0.29018789144050106,0.4549564786200784
22,2244545814,22|2244545814,Structures–Outcome (Mean),0.7890770884810533,0.2828810020876827,0.4516130308854729
22,2244545814,22|2244545814,Structures–Outcome (Truth),0.7881434256936455,0.30219206680584554,0.46417585310177883
22,2244545814,22|2244545814,Wind–Mean,0.7873700888394288,0.48434237995824636,0.5853516162519738
22,2244545814,22|2244545814,Wind–Mean Lookahead,0.7723937604919177,0.4754697286012526,0.5744444058981409
22,2244545814,22|2244545814,Wind–Truth,0.7864081332402815,0.48434237995824636,0.5850309643855913
22,2244545814,22|2244545814,Wind–Truth Lookahead,0.7161099270045457,0.47755741127348644,0.5570749165171729
23,2244545815,23|2244545815,MCTS,0.7598002939306449,0.21616161616161617,0.3973745087512923
23,2244545815,23|2244545815,ROS–Mean,0.7714220197829916,0.4134680134680135,0.5327860155730062
23,2244545815,23|2244545815,ROS–Truth,0.7478241836128454,0.4599326599326599,0.5558965011593884
23,2244545815,23|2244545815,Random Allocation,0.7990952773058442,0.8498316498316498,0.8329195256563813
23,2244545815,23|2244545815,Structures–Exposure,0.7632190617150123,0.08350168350168351,0.31007414290612645
23,2244545815,23|2244545815,Structures–Outcome (Mean),0.8131664251988201,0.11313131313131314,0.34647635048714875
23,2244545815,23|2244545815,Structures–Outcome (Truth),0.7804484005795228,0.2505050505050505,0.4271528338632079
23,2244545815,23|2244545815,Wind–Mean,0.8789985511929207,0.797979797979798,0.8249860490508389
23,2244545815,23|2244545815,Wind–Mean Lookahead,0.8746729760998947,0.7387205387205387,0.7840380178469906
23,2244545815,23|2244545815,Wind–Truth,0.8801346660968721,0.7986531986531986,0.8258136878010898
23,2244545815,23|2244545815,Wind–Truth Lookahead,0.8405374136187865,0.7481481481481481,0.7789445699716941
24,2244545816,24|2244545816,MCTS,0.7059452391260171,0.16519607843137254,0.34544579866292074
24,2244545816,24|2244545816,ROS–Mean,0.7349336914554306,0.611764705882353,0.6528210344067121
24,2244545816,24|2244545816,ROS–Truth,0.6805085569387629,0.44803921568627453,0.5255289961037706
24,2244545816,24|2244545816,Random Allocation,0.6855446489313766,0.33431372549019606,0.45139069997058956
24,2244545816,24|2244545816,Structures–Exposure,0.7621727644610939,0.23774509803921567,0.4125543201798417
24,2244545816,24|2244545816,Structures–Outcome (Mean),0.7771396764531776,0.22892156862745097,0.4116609379026932
24,2244545816,24|2244545816,Structures–Outcome (Truth),0.7862664887836512,0.25049019607843137,0.4290822936468379
24,2244545816,24|2244545816,Wind–Mean,0.7214687718120213,0.49166666666666664,0.5682673683817848
24,2244545816,24|2244545816,Wind–Mean Lookahead,0.7097797372396915,0.6588235294117647,0.6758089320210736
24,2244545816,24|2244545816,Wind–Truth,0.7206470936448053,0.49166666666666664,0.5679934756593794
24,2244545816,24|2244545816,Wind–Truth Lookahead,0.6880715301767933,0.5014705882352941,0.5636709022157939
25,1668134681,25|1668134681,MCTS,0.7389798581337624,0.46585557299843017,0.5568970013768743
25,1668134681,25|1668134681,ROS–Mean,0.7299636014010027,0.5635792778649922,0.6190407190436623
25,1668134681,25|1668134681,ROS–Truth,0.6975580562559479,0.5364992150706437,0.5901854954657451
25,1668134681,25|1668134681,Random Allocation,0.791164264620758,0.7864992150706437,0.7880542315873484
25,1668134681,25|1668134681,Structures–Exposure,0.7912918068813956,0.41483516483516486,0.5403207121839084
25,1668134681,25|1668134681,Structures–Outcome (Mean),0.798512661022104,0.41208791208791207,0.5408961617326427
25,1668134681,25|1668134681,Structures–Outcome (Truth),0.7922630902508658,0.3716640502354788,0.5118637302406078
25,1668134681,25|1668134681,Wind–Mean,0.8295348631863981,0.8116169544740973,0.8175895907115308
25,1668134681,25|1668134681,Wind–Mean Lookahead,0.8085590667830899,0.804945054945055,0.8061497255577332
25,1668134681,25|1668134681,Wind–Truth,0.8319875989678888,0.8116169544740973,0.8184071693053611
25,1668134681,25|1668134681,Wind–Truth Lookahead,0.8024860929881189,0.8014128728414442,0.8017706128903357
26,1668134682,26|1668134682,MCTS,0.5759414303101833,0.09857571214392803,0.25769761819934645
26,1668134682,26|1668134682,ROS–Mean,0.6592317338546085,0.2158920539730135,0.36367194726687846
26,1668134682,26|1668134682,ROS–Truth,0.5406354885110464,0.0704647676161919,0.22718834124781004
26,1668134682,26|1668134682,Random Allocation,0.7373400213919522,0.507496251874063,0.5841108417133594
26,1668134682,26|1668134682,Structures–Exposure,0.6858886880832074,0.19940029985007496,0.36156309592778574
26,1668134682,26|1668134682,Structures–Outcome (Mean),0.6684708442444584,0.14842578710644677,0.3217741394857839
26,1668134682,26|1668134682,Structures–Outcome (Truth),0.6873086711171763,0.20052473763118442,0.36278604879318166
26,1668134682,26|1668134682,Wind–Mean,0.7370265186441928,0.517616191904048,0.5907529674840962
26,1668134682,26|1668134682,Wind–Mean Lookahead,0.7304060782650389,0.6488005997001499,0.6760024258884462
26,1668134682,26|1668134682,Wind–Truth,0.7059805259469627,0.40292353823088456,0.5039425341362439
26,1668134682,26|1668134682,Wind–Truth Lookahead,0.7796813336775716,0.6997751124437781,0.7264105195217092
27,1668134683,27|1668134683,MCTS,0.5900112894043633,0.05268630849220104,0.23179463546292178
27,1668134683,27|1668134683,ROS–Mean,0.5224195991778998,0.0904679376083189,0.2344518247981792
27,1668134683,27|1668134683,ROS–Truth,0.537568628964559,0.16568457538994802,0.289645926581485
27,1668134683,27|1668134683,Random Allocation,0.658037187490954,0.6,0.6193457291636513
27,1668134683,27|1668134683,Structures–Exposure,0.57339560195683,0.03604852686308492,0.21516421856099993
27,1668134683,27|1668134683,Structures–Outcome (Mean),0.5953954668699403,0.05268630849220104,0.23358936128478075
27,1668134683,27|1668134683,Structures–Outcome (Truth),0.5641807462585756,0.045060658578856154,0.2181006878054293
27,1668134683,27|1668134683,Wind–Mean,0.7021720042069917,0.4610051993067591,0.5413941342735032
27,1668134683,27|1668134683,Wind–Mean Lookahead,0.6369732817430068,0.6256499133448874,0.6294243694775938
27,1668134683,27|1668134683,Wind–Truth,0.700357980258016,0.4610051993067591,0.5407894596238447
27,1668134683,27|1668134683,Wind–Truth Lookahead,0.6557696575547343,0.6256499133448874,0.635689828081503
28,1668134684,28|1668134684,MCTS,0.5958359931254603,0.08271556769410847,0.25375570950455906
28,1668134684,28|1668134684,ROS–Mean,0.6178934446354039,0.16348029652750684,0.31495134589680585
28,1668134684,28|1668134684,ROS–Truth,0.6648760127670023,0.13421771361685525,0.3111038133335709
28,1668134684,28|1668134684,Random Allocation,0.8847532531303708,0.8809988294966836,0.8822503040412459
28,1668134684,28|1668134684,Structures–Exposure,0.6872575497176528,0.1946937182988685,0.35888166210512995
28,1668134684,28|1668134684,Structures–Outcome (Mean),0.6931598330468942,0.18259851736246585,0.35278562259060864
28,1668134684,28|1668134684,Structures–Outcome (Truth),0.7165627301743187,0.240733515411627,0.39934325366585754
28,1668134684,28|1668134684,Wind–Mean,0.7466830346182175,0.5048770971517753,0.5854790763072559
28,1668134684,28|1668134684,Wind–Mean Lookahead,0.7178885342499386,0.46156847444401095,0.5470084943793201
28,1668134684,28|1668134684,Wind–Truth,0.7466830346182175,0.5048770971517753,0.5854790763072559
28,1668134684,28|1668134684,Wind–Truth Lookahead,0.7360766020132581,0.556379243074522,0.6162783627207673
29,1668134685,29|1668134685,MCTS,0.6713942986169913,0.03597122302158273,0.2477789148867189
29,1668134685,29|1668134685,ROS–Mean,0.8124369985081247,0.6258992805755396,0.6880785198864012
29,1668134685,29|1668134685,ROS–Truth,0.7926293294625216,0.5743405275779376,0.6471034615394656
29,1668134685,29|1668134685,Random Allocation,0.7121386234426031,0.18105515587529977,0.35808297839773423
29,1668134685,29|1668134685,Structures–Exposure,0.7489617354138945,0.046762589928057555,0.2808289717566699
29,1668134685,29|1668134685,Structures–Outcome (Mean),0.6290270553606709,0.0,0.20967568512022364
29,1668134685,29|1668134685,Structures–Outcome (Truth),0.6337546873109955,0.001199040767386091,0.21205092294858924
29,1668134685,29|1668134685,Wind–Mean,0.7057880730615701,0.49160671462829736,0.5630005007727216
29,1668134685,29|1668134685,Wind–Mean Lookahead,0.6641163662755534,0.03357314148681055,0.24375421641639147
29,1668134685,29|1668134685,Wind–Truth,0.6875428410144753,0.38489208633093525,0.4857756712254485
29,1668134685,29|1668134685,Wind–Truth Lookahead,0.6673622031369703,0.02038369304556355,0.23604319640936577
2,2244545794,2|2244545794,MCTS,0.7003181465300717,0.1088871096877502,0.30603078863519073
2,2244545794,2|2244545794,ROS–Mean,0.6834898695447004,0.3734987990392314,0.4768291558743877
2,2244545794,2|2244545794,ROS–Truth,0.7175193704047615,0.18815052041633307,0.3646068037458092
2,2244545794,2|2244545794,Random Allocation,0.8538809309972143,0.8859087269815853,0.8752327949867948
2,2244545794,2|2244545794,Structures–Exposure,0.7622197189959357,0.15692554043234588,0.3586902666202091
2,2244545794,2|2244545794,Structures–Outcome (Mean),0.7527514347038498,0.08326661329063251,0.3064282204283716
2,2244545794,2|2244545794,Structures–Outcome (Truth),0.77906321830332,0.22297838270616493,0.4083399945718833
2,2244545794,2|2244545794,Wind–Mean,0.836763429893596,0.8582866293034428,0.8511122295001605
2,2244545794,2|2244545794,Wind–Mean Lookahead,0.831207282358851,0.822257806244996,0.8252409649496143
2,2244545794,2|2244545794,Wind–Truth,0.8686389721888177,0.8270616493194556,0.8409207569425763
2,2244545794,2|2244545794,Wind–Truth Lookahead,0.830126497495928,0.8350680544435548,0.8334208687943458
30,1668134686,30|1668134686,MCTS,0.6696163713621422,0.2989106753812636,0.4224792407082231
30,1668134686,30|1668134686,ROS–Mean,0.8387617253267057,0.8814814814814815,0.8672415627632228
30,1668134686,30|1668134686,ROS–Truth,0.7592900665437344,0.3982570806100218,0.5186014092545926
30,1668134686,30|1668134686,Random Allocation,0.8105307464122504,0.7677559912854031,0.7820142429943522
30,1668134686,30|1668134686,Structures–Exposure,0.7250460995750821,0.21350762527233116,0.3840204500399148
30,1668134686,30|1668134686,Structures–Outcome (Mean),0.745760843421791,0.11503267973856209,0.32527540096630503
30,1668134686,30|1668134686,Structures–Outcome (Truth),0.7559729014671691,0.10413943355119826,0.32141725618985517
30,1668134686,30|1668134686,Wind–Mean,0.7298865549587108,0.49498910675381264,0.5732882561554453
30,1668134686,30|1668134686,Wind–Mean Lookahead,0.7978132766776237,0.5058823529411764,0.6031926608533256
30,1668134686,30|1668134686,Wind–Truth,0.737653331195382,0.5381263616557734,0.6046353515023096
30,1668134686,30|1668134686,Wind–Truth Lookahead,0.7366511665196825,0.7032679738562092,0.7143957047440337
31,1668134687,31|1668134687,MCTS,0.6856427734583023,0.05291288081239979,0.2638228450277006
31,1668134687,31|1668134687,ROS–Mean,0.7690737387723222,0.6285408872260823,0.6753851710748289
31,1668134687,31|1668134687,ROS–Truth,0.7303937231512053,0.6632816675574559,0.6856523527553724
31,1668134687,31|1668134687,Random Allocation,0.8673181382468846,0.8626402993051844,0.8641995789524177
31,1668134687,31|1668134687,Structures–Exposure,0.7369084389533852,0.37733832175307325,0.49719502748651057
31,1668134687,31|1668134687,Structures–Outcome (Mean),0.7446923705044911,0.4024585783003741,0.5165365090350797
31,1668134687,31|1668134687,Structures–Outcome (Truth),0.738124400894664,0.4094067343666489,0.5189792898759873
31,1668134687,31|1668134687,Wind–Mean,0.73062448965101,0.6563335114911811,0.6810971708777908
31,1668134687,31|1668134687,Wind–Mean Lookahead,0.7513845989988284,0.6317477284874399,0.6716266853245694
31,1668134687,31|1668134687,Wind–Truth,0.7342102460325913,0.6584714056654195,0.68371768578781
31,1668134687,31|1668134687,Wind–Truth Lookahead,0.7384261724713317,0.6536611437733832,0.6819161533393661
32,1668134688,32|1668134688,MCTS,0.6831836794652858,0.3083918974782968,0.4333224914739598
32,1668134688,32|1668134688,ROS–Mean,0.7156851943664041,0.2852418354692022,0.4287229551016028
32,1668134688,32|1668134688,ROS–Truth,0.7292825795552618,0.2964034725093014,0.44069650819128814
32,1668134688,32|1668134688,Random Allocation,0.7823775684459869,0.718892104175279,0.7400539255988483
32,1668134688,32|1668134688,Structures–Exposure,0.7280614774417452,0.2170318313352625,0.38737504670409006
32,1668134688,32|1668134688,Structures–Outcome (Mean),0.7370866156190896,0.26787928896238117,0.424281731181284
32,1668134688,32|1668134688,Structures–Outcome (Truth),0.7362694871371124,0.24762298470442332,0.4105051521819863
32,1668134688,32|1668134688,Wind–Mean,0.8029251363411006,0.7755270773046713,0.7846597636501478
32,1668134688,32|1668134688,Wind–Mean Lookahead,0.7858297067518684,0.7321207110376189,0.7500237096090354
32,1668134688,32|1668134688,Wind–Truth,0.7977010227877853,0.7755270773046713,0.7829183924657093
32,1668134688,32|1668134688,Wind–Truth Lookahead,0.7712591123597569,0.7193054981397271,0.7366233695464036
33,1668134689,33|1668134689,MCTS,0.7872063505722399,0.31242807825086305,0.4706875023579886
33,1668134689,33|1668134689,ROS–Mean,0.735919886412529,0.5863060989643268,0.6361773614470608
33,1668134689,33|1668134689,ROS–Truth,0.787389209190259,0.8400460299194477,0.8224937563430514
33,1668134689,33|1668134689,Random Allocation,0.7708458824541777,0.5960874568469505,0.6543402653826929
33,1668134689,33|1668134689,Structures–Exposure,0.8163346527837535,0.36421173762945913,0.5149193760142239
33,1668134689,33|1668134689,Structures–Outcome (Mean),0.8372665863522932,0.28250863060989645,0.46742794919069536
33,1668134689,33|1668134689,Structures–Outcome (Truth),0.8230466397039842,0.20771001150747986,0.4128222209063146
33,1668134689,33|1668134689,Wind–Mean,0.8975238791842355,0.6973532796317606,0.7640768128159189
33,1668134689,33|1668134689,Wind–Mean Lookahead,0.8249505206092419,0.4574223245109321,0.5799317232103687
33,1668134689,33|1668134689,Wind–Truth,0.8271770931933569,0.6979286536248561,0.7410114668143564
33,1668134689,33|1668134689,Wind–Truth Lookahead,0.8074498752258842,0.44188722669735325,0.5637414428735301
34,1668134690,34|1668134690,MCTS,0.5913011859909174,0.04266263237518911,0.22554215024709853
34,1668134690,34|1668134690,ROS–Mean,0.6828692779613025,0.24992435703479576,0.39423933067696465
34,1668134690,34|1668134690,ROS–Truth,0.628250257235473,0.26354009077155827,0.38511014625952983
34,1668134690,34|1668134690,Random Allocation,0.7153853890251356,0.6695915279878971,0.6848561483336433
34,1668134690,34|1668134690,Structures–Exposure,0.6018072242551776,0.05083207261724659,0.23449045649655692
34,1668134690,34|1668134690,Structures–Outcome (Mean),0.6418585939857187,0.1291981845688351,0.3000849877077963
34,1668134690,34|1668134690,Structures–Outcome (Truth),0.6309115806249468,0.17034795763993948,0.3238691653016086
34,1668134690,34|1668134690,Wind–Mean,0.6106808810218244,0.3267776096822995,0.4214120334621411
34,1668134690,34|1668134690,Wind–Mean Lookahead,0.6452394030589746,0.3863842662632375,0.4726693118618165
34,1668134690,34|1668134690,Wind–Truth,0.6106808810218244,0.3267776096822995,0.4214120334621411
34,1668134690,34|1668134690,Wind–Truth Lookahead,0.6727964783883521,0.5334341906202723,0.5798882865429655
35,1668134691,35|1668134691,MCTS,0.6017661075550157,0.009950248756218905,0.20722220168915115
35,1668134691,35|1668134691,ROS–Mean,0.7118254450310704,0.20597014925373133,0.374588581179511
35,1668134691,35|1668134691,ROS–Truth,0.6970798486193525,0.15124378109452735,0.3331891369361357
35,1668134691,35|1668134691,Random Allocation,0.723814418539457,0.536318407960199,0.598817078153285
35,1668134691,35|1668134691,Structures–Exposure,0.7498201186749521,0.1263681592039801,0.3341854790276374
35,1668134691,35|1668134691,Structures–Outcome (Mean),0.7066299116946223,0.027860696517412936,0.2541171015764827
35,1668134691,35|1668134691,Structures–Outcome (Truth),0.635452973882166,0.04477611940298507,0.2416684042293787
35,1668134691,35|1668134691,Wind–Mean,0.7054805401111993,0.2845771144278607,0.4248782563223069
35,1668134691,35|1668134691,Wind–Mean Lookahead,0.7612297341494183,0.1701492537313433,0.3671760805373683
35,1668134691,35|1668134691,Wind–Truth,0.7052469280007475,0.2845771144278607,0.42480038561882294
35,1668134691,35|1668134691,Wind–Truth Lookahead,0.7782086623370555,0.37412935323383084,0.5088224562682391
36,1668134692,36|1668134692,MCTS,0.6739142873490874,0.2407338075627106,0.38512730082483615
36,1668134692,36|1668134692,ROS–Mean,0.7367492513970743,0.2894047173343317,0.43851956202191256
36,1668134692,36|1668134692,ROS–Truth,0.7408117335164311,0.24185698240359416,0.4081752327745398
36,1668134692,36|1668134692,Random Allocation,0.8349449753008716,0.9389741669786597,0.9042977697527302
36,1668134692,36|1668134692,Structures–Exposure,0.7550304209341802,0.23586671658554847,0.40892128470175904
36,1668134692,36|1668134692,Structures–Outcome (Mean),0.7672464763212603,0.22800449269936354,0.40775182057332915
36,1668134692,36|1668134692,Structures–Outcome (Truth),0.7643188190192824,0.2265069262448521,0.4057775571696622
36,1668134692,36|1668134692,Wind–Mean,0.8503461692510156,0.7832272557094722,0.8056002268899866
36,1668134692,36|1668134692,Wind–Mean Lookahead,0.8235967271270813,0.641707225758143,0.702337059547789
36,1668134692,36|1668134692,Wind–Truth,0.8507371593141462,0.7832272557094722,0.80573055691103
36,1668134692,36|1668134692,Wind–Truth Lookahead,0.7968472850031469,0.5260202171471359,0.6162959064324729
37,1668134693,37|1668134693,MCTS,0.6115838415751289,0.19369085173501577,0.33298851501505344
37,1668134693,37|1668134693,ROS–Mean,0.6822301297136203,0.21356466876971608,0.3697864890843508
37,1668134693,37|1668134693,ROS–Truth,0.624636630865816,0.25646687697160886,0.3791901282696779
37,1668134693,37|1668134693,Random Allocation,0.7576969114641435,0.7933753943217665,0.7814825667025588
37,1668134693,37|1668134693,Structures–Exposure,0.6957796252717635,0.1694006309148265,0.34486029570047216
37,1668134693,37|1668134693,Structures–Outcome (Mean),0.7148091752233142,0.18958990536277603,0.36466299531628876
37,1668134693,37|1668134693,Structures–Outcome (Truth),0.7167471439389621,0.19305993690851736,0.36762233925199894
37,1668134693,37|1668134693,Wind–Mean,0.8383506094830183,0.7741324921135647,0.7955385312367159
37,1668134693,37|1668134693,Wind–Mean Lookahead,0.6752029574379728,0.5965299684542587,0.6227542981154967
37,1668134693,37|1668134693,Wind–Truth,0.8370233451945704,0.771608832807571,0.7934136702699042
37,1668134693,37|1668134693,Wind–Truth Lookahead,0.6906415653575878,0.6381703470031546,0.6556607531212989
38,1668134694,38|1668134694,MCTS,0.6433874450495092,0.167693036475604,0.3262578393335724
38,1668134694,38|1668134694,ROS–Mean,0.726292788258876,0.21080056845097112,0.3826313083869394
38,1668134694,38|1668134694,ROS–Truth,0.7275487994769487,0.1861676930364756,0.3666280618499666
38,1668134694,38|1668134694,Random Allocation,0.7295188444696794,0.1814306016106111,0.36412668256363384
38,1668134694,38|1668134694,Structures–Exposure,0.7314458753795993,0.1231643770724775,0.32592487650818475
38,1668134694,38|1668134694,Structures–Outcome (Mean),0.782219698729364,0.1605873993368072,0.3677981658009928
38,1668134694,38|1668134694,Structures–Outcome (Truth),0.7692810626199017,0.12174324964471814,0.3375891873031126
38,1668134694,38|1668134694,Wind–Mean,0.8102390722722619,0.50734249171009,0.6083080185641473
38,1668134694,38|1668134694,Wind–Mean Lookahead,0.6732478213367057,0.541923259118901,0.5856981131915026
38,1668134694,38|1668134694,Wind–Truth,0.810961708863482,0.5068687825675036,0.6082330913328297
38,1668134694,38|1668134694,Wind–Truth Lookahead,0.6858853588664929,0.556608242539081,0.5997006146482183
39,2704899879,39|2704899879,MCTS,0.7523353800550497,0.33663775299463033,0.4752036286814368
39,2704899879,39|2704899879,ROS–Mean,0.6872242218928647,0.2321354812061132,0.383831728101697
39,2704899879,39|2704899879,ROS–Truth,0.7658606817700614,0.5832300702189178,0.6441069407359656
39,2704899879,39|2704899879,Random Allocation,0.8660681770061401,0.7872779843040066,0.8135413818713845
39,2704899879,39|2704899879,Structures–Exposure,0.8025153504128731,0.3378769103676167,0.49275639038270214
39,2704899879,39|2704899879,Structures–Outcome (Mean),0.8032182934575481,0.3353985956216439,0.49133849490027864
39,2704899879,39|2704899879,Structures–Outcome (Truth),0.7806140165149269,0.3353985956216439,0.4838037359194049
39,2704899879,39|2704899879,Wind–Mean,0.8838788905356765,0.8467575382073523,0.8591313223167937
39,2704899879,39|2704899879,Wind–Mean Lookahead,0.8554393394029218,0.8566707971912433,0.8562603112618028
39,2704899879,39|2704899879,Wind–Truth,0.8747660385348296,0.8141263940520446,0.8343396088796395
39,2704899879,39|2704899879,Wind–Truth Lookahead,0.85443997459242,0.8409748038000826,0.845463194064195
3,2244545795,3|2244545795,MCTS,0.7268866605070652,0.08856088560885608,0.3013361439082591
3,2244545795,3|2244545795,ROS–Mean,0.7843828672662388,0.540326831839747,0.6216788436485776
3,2244545795,3|2244545795,ROS–Truth,0.7663957007111797,0.22140221402214022,0.40306670958515334
3,2244545795,3|2244545795,Random Allocation,0.778406923618116,0.13231418028466,0.3476784280624787
3,2244545795,3|2244545795,Structures–Exposure,0.8019292549990252,0.31470743278861363,0.4771147068587508
3,2244545795,3|2244545795,Structures–Outcome (Mean),0.8147287938765649,0.3426462836056932,0.5000071203626504
3,2244545795,3|2244545795,Structures–Outcome (Truth),0.7614877980554873,0.3010015814443859,0.45449698698141966
3,2244545795,3|2244545795,Wind–Mean,0.8239258135336052,0.6626251976805483,0.7163920696315672
3,2244545795,3|2244545795,Wind–Mean Lookahead,0.8241038203656769,0.599367422245651,0.6742795549523262
3,2244545795,3|2244545795,Wind–Truth,0.8135759877260051,0.5798629414865577,0.6577672902330401
3,2244545795,3|2244545795,Wind–Truth Lookahead,0.8252227204529851,0.5919873484449131,0.6697324724476037
40,2704899880,40|2704899880,MCTS,0.6868859365361178,0.25892857142857145,0.40158102646442023
40,2704899880,40|2704899880,ROS–Mean,0.6943261664384696,0.3210978835978836,0.44550731121141224
40,2704899880,40|2704899880,ROS–Truth,0.7129530716338414,0.3462301587301587,0.46847112969805293
40,2704899880,40|2704899880,Random Allocation,0.8171238132494771,0.8958333333333334,0.8695968266387146
40,2704899880,40|2704899880,Structures–Exposure,0.7702405849871357,0.21296296296296297,0.39872217030435386
40,2704899880,40|2704899880,Structures–Outcome (Mean),0.7599491446368656,0.20535714285714285,0.3902211434503837
40,2704899880,40|2704899880,Structures–Outcome (Truth),0.7673066217293832,0.2275132275132275,0.40744435891861275
40,2704899880,40|2704899880,Wind–Mean,0.7687284654619864,0.7648809523809523,0.7661634567412969
40,2704899880,40|2704899880,Wind–Mean Lookahead,0.772196560492304,0.6557539682539683,0.6945681656667468
40,2704899880,40|2704899880,Wind–Truth,0.7706919639498668,0.753968253968254,0.7595428239621248
40,2704899880,40|2704899880,Wind–Truth Lookahead,0.7127950889968855,0.7073412698412699,0.7091592095598084
41,2704899881,41|2704899881,MCTS,0.815620441692044,0.5612375351572488,0.6460318373355138
41,2704899881,41|2704899881,ROS–Mean,0.8445803584376146,0.9608795704423421,0.9221131664407662
41,2704899881,41|2704899881,ROS–Truth,0.8368776176949783,0.9102531321912555,0.885794627359163
41,2704899881,41|2704899881,Random Allocation,0.8510888758092996,0.956788545129123,0.9215553220225152
41,2704899881,41|2704899881,Structures–Exposure,0.7991230988390443,0.47353618000511377,0.5820651529497572
41,2704899881,41|2704899881,Structures–Outcome (Mean),0.8631334715220377,0.6852467399642035,0.7445423171501482
41,2704899881,41|2704899881,Structures–Outcome (Truth),0.8493401915875494,0.5911531577601636,0.6772155023692922
41,2704899881,41|2704899881,Wind–Mean,0.9227593384002525,0.9498849399130657,0.9408430727421279
41,2704899881,41|2704899881,Wind–Mean Lookahead,0.8051112760276719,0.8698542572232165,0.8482732634913682
41,2704899881,41|2704899881,Wind–Truth,0.922025744043811,0.9506520071592943,0.9411099194541332
41,2704899881,41|2704899881,Wind–Truth Lookahead,0.8072438177615135,0.9115315776016364,0.8767689909882621
42,2704899882,42|2704899882,MCTS,0.6641111329532796,0.256198347107438,0.39216927572271854
42,2704899882,42|2704899882,ROS–Mean,0.7323242251490728,0.34820936639118455,0.47624765264381397
42,2704899882,42|2704899882,ROS–Truth,0.7195933612289028,0.11239669421487604,0.31479558321955164
42,2704899882,42|2704899882,Random Allocation,0.7157553801941456,0.3146005509641873,0.4483188273741734
42,2704899882,42|2704899882,Structures–Exposure,0.7424340288503842,0.2539944903581267,0.41680766985554585
42,2704899882,42|2704899882,Structures–Outcome (Mean),0.802662248308012,0.2490358126721763,0.43357795788412157
42,2704899882,42|2704899882,Structures–Outcome (Truth),0.7403652634633566,0.19228650137741046,0.37497942207272583
42,2704899882,42|2704899882,Wind–Mean,0.791204470779859,0.5856749311294766,0.6541847776796039
42,2704899882,42|2704899882,Wind–Mean Lookahead,0.809870163909873,0.6495867768595042,0.7030145725429604
42,2704899882,42|2704899882,Wind–Truth,0.791064056839563,0.5856749311294766,0.6541379730328387
42,2704899882,42|2704899882,Wind–Truth Lookahead,0.8110402800790062,0.6765840220385675,0.7214027747187137
43,2704899883,43|2704899883,MCTS,0.6326617044479973,0.07851851851851852,0.26323291382834474
43,2704899883,43|2704899883,ROS–Mean,0.6248160343896577,0.07925925925925927,0.2611115176360587
43,2704899883,43|2704899883,ROS–Truth,0.6502588753480788,0.07555555555555556,0.26712332881973
43,2704899883,43|2704899883,Random Allocation,0.7292661492689021,0.11185185185185186,0.3176566176575353
43,2704899883,43|2704899883,Structures–Exposure,0.6506082776583693,0.028888888888888888,0.23612868514538232
43,2704899883,43|2704899883,Structures–Outcome (Mean),0.7445339714337141,0.05851851851851852,0.287190336156917
43,2704899883,43|2704899883,Structures–Outcome (Truth),0.738657659851557,0.05925925925925926,0.2857253927900252
43,2704899883,43|2704899883,Wind–Mean,0.7833388037735449,0.6837037037037037,0.716915403726984
43,2704899883,43|2704899883,Wind–Mean Lookahead,0.6862155494616028,0.02074074074074074,0.24256567698102807
43,2704899883,43|2704899883,Wind–Truth,0.7857210922527978,0.6881481481481482,0.720672462849698
43,2704899883,43|2704899883,Wind–Truth Lookahead,0.7643969633762852,0.10074074074074074,0.3219594816192555
44,2704899884,44|2704899884,MCTS,0.6699409936026446,0.19441571871768357,0.3529241436793372
44,2704899884,44|2704899884,ROS–Mean,0.769344078378309,0.6694243364357119,0.7027309170832442
44,2704899884,44|2704899884,ROS–Truth,0.7815735610232343,0.7114788004136504,0.734843720616845
44,2704899884,44|2704899884,Random Allocation,0.8053902215523221,0.712857635298173,0.7437018307162226
44,2704899884,44|2704899884,Structures–Exposure,0.7235434669041767,0.15822130299896586,0.3466620243007028
44,2704899884,44|2704899884,Structures–Outcome (Mean),0.7625442119776992,0.21751120303343674,0.3991888726815242
44,2704899884,44|2704899884,Structures–Outcome (Truth),0.7050193976037751,0.16339193381592554,0.3439344217452087
44,2704899884,44|2704899884,Wind–Mean,0.7398323156371235,0.6659772492244054,0.6905956046953113
44,2704899884,44|2704899884,Wind–Mean Lookahead,0.7319105569210479,0.6118579800068942,0.6518755056449455
44,2704899884,44|2704899884,Wind–Truth,0.7350621322805244,0.6028955532574974,0.6469510795985064
44,2704899884,44|2704899884,Wind–Truth Lookahead,0.7308743052403505,0.6118579800068942,0.6515300884180463
45,2704899885,45|2704899885,MCTS,0.6809680861383257,0.09778761061946903,0.2921811024590879
45,2704899885,45|2704899885,ROS–Mean,0.6975943350470463,0.07035398230088495,0.2794340998829387
45,2704899885,45|2704899885,ROS–Truth,0.7437190804151712,0.6707964601769911,0.6951040002563844
45,2704899885,45|2704899885,Random Allocation,0.8778640023280628,0.8460176991150442,0.8566331335193837
45,2704899885,45|2704899885,Structures–Exposure,0.7652439615869628,0.14292035398230088,0.35036155651718814
45,2704899885,45|2704899885,Structures–Outcome (Mean),0.7414589193908235,0.06283185840707965,0.2890408787349943
45,2704899885,45|2704899885,Structures–Outcome (Truth),0.7246580657677757,0.08584070796460178,0.2987798272323264
45,2704899885,45|2704899885,Wind–Mean,0.6729265690173635,0.4004424778761062,0.4912705082565253
45,2704899885,45|2704899885,Wind–Mean Lookahead,0.761460859443205,0.44424778761061945,0.5499854782214812
45,2704899885,45|2704899885,Wind–Truth,0.672587059850616,0.38008849557522123,0.4775880170003528
45,2704899885,45|2704899885,Wind–Truth Lookahead,0.7528276263459114,0.42035398230088494,0.5311785303158937
46,2704899886,46|2704899886,MCTS,0.7308286241350239,0.10914051841746249,0.3163698869899829
46,2704899886,46|2704899886,ROS–Mean,0.7467717297852272,0.1432469304229195,0.34442186354368876
46,2704899886,46|2704899886,ROS–Truth,0.7027570721446399,0.017053206002728513,0.24562116138336562
46,2704899886,46|2704899886,Random Allocation,0.773991869850836,0.22305593451568895,0.4067012462940713
46,2704899886,46|2704899886,Structures–Exposure,0.7825644193287201,0.082537517053206,0.3158798178117107
46,2704899886,46|2704899886,Structures–Outcome (Mean),0.7869633809400589,0.08867667121418826,0.3214389077894785
46,2704899886,46|2704899886,Structures–Outcome (Truth),0.7440088146175742,0.09959072305593451,0.31439675357648106
46,2704899886,46|2704899886,Wind–Mean,0.803716162636372,0.6282401091405184,0.6867321269724695
46,2704899886,46|2704899886,Wind–Mean Lookahead,0.7912538292668676,0.5811732605729877,0.6512001168042809
46,2704899886,46|2704899886,Wind–Truth,0.8034156643099807,0.6275579809004093,0.6861772087035997
46,2704899886,46|2704899886,Wind–Truth Lookahead,0.8026477241425364,0.6296043656207367,0.6872854851280032
47,165111343,47|165111343,MCTS,0.5837223918118154,0.05426633345233845,0.23075168623883077
47,165111343,47|165111343,ROS–Mean,0.7289384689052493,0.30953230988932523,0.44933436289463324
47,165111343,47|165111343,ROS–Truth,0.7385452205662297,0.31988575508746875,0.45943891024705574
47,165111343,47|165111343,Random Allocation,0.8417654276650506,0.7565155301677973,0.7849321626668817
47,165111343,47|165111343,Structures–Exposure,0.7010684144370624,0.0417707961442342,0.26153666890851024
47,165111343,47|165111343,Structures–Outcome (Mean),0.7056697791344945,0.04998214923241699,0.2685446925331095
47,165111343,47|165111343,Structures–Outcome (Truth),0.7147677620159215,0.0817565155301678,0.29276026435875235
47,165111343,47|165111343,Wind–Mean,0.7448674208415634,0.5990717600856836,0.6476703136709769
47,165111343,47|165111343,Wind–Mean Lookahead,0.694484347878135,0.5462334880399857,0.5956504413193687
47,165111343,47|165111343,Wind–Truth,0.7186433830131083,0.5448054266333452,0.6027514120932662
47,165111343,47|165111343,Wind–Truth Lookahead,0.7015248099598971,0.5287397358086398,0.5863347605257254
48,165111344,48|165111344,MCTS,0.5918605390961339,0.041620421753607105,0.22503379420111602
48,165111344,48|165111344,ROS–Mean,0.6635845015163404,0.09267480577136515,0.2829780376863569
48,165111344,48|165111344,ROS–Truth,0.711778677920811,0.14705882352941177,0.3352987749932115
48,165111344,48|165111344,Random Allocation,0.7001781434903399,0.5421753607103219,0.5948429549703278
48,165111344,48|165111344,Structures–Exposure,0.6648039361228342,0.04384017758046615,0.2508280970945888
48,165111344,48|165111344,Structures–Outcome (Mean),0.6750683943757555,0.049389567147613764,0.257949176223661
48,165111344,48|165111344,Structures–Outcome (Truth),0.6689500137849129,0.05715871254162042,0.26108914628938457
48,165111344,48|165111344,Wind–Mean,0.7343435200305389,0.4827968923418424,0.5666457682380746
48,165111344,48|165111344,Wind–Mean Lookahead,0.7387652959514771,0.36736958934517205,0.4911681582139404
48,165111344,48|165111344,Wind–Truth,0.7353508790532945,0.4827968923418424,0.5669815545789931
48,165111344,48|165111344,Wind–Truth Lookahead,0.7476194515725405,0.43340732519422864,0.5381447006536659
49,165111345,49|165111345,MCTS,0.5787580461946232,0.07208672086720867,0.2409771626430135
49,165111345,49|165111345,ROS–Mean,0.6455090775025409,0.09322493224932249,0.2773196473337286
49,165111345,49|165111345,ROS–Truth,0.6899001574363778,0.3154471544715447,0.44026482212648904
49,165111345,49|165111345,Random Allocation,0.7748859084477571,0.8092140921409214,0.7977713642431998
49,165111345,49|165111345,Structures–Exposure,0.7750154447079456,0.16585365853658537,0.3689075872603721
49,165111345,49|165111345,Structures–Outcome (Mean),0.7752246955897886,0.1073170731707317,0.3299529473104173
49,165111345,49|165111345,Structures–Outcome (Truth),0.7610952789015325,0.06666666666666667,0.29814287074495527
49,165111345,49|165111345,Wind–Mean,0.8066222921939457,0.697560975609756,0.7339147478044858
49,165111345,49|165111345,Wind–Mean Lookahead,0.7341517367823193,0.5230352303523035,0.5934073991623088
49,165111345,49|165111345,Wind–Truth,0.8066222921939457,0.697560975609756,0.7339147478044858
49,165111345,49|165111345,Wind–Truth Lookahead,0.7262898822216465,0.578319783197832,0.6276431495391035
4,2244545796,4|2244545796,MCTS,0.7319970236181412,0.280688622754491,0.43112475637570774
4,2244545796,4|2244545796,ROS–Mean,0.7234996371386314,0.36377245508982037,0.48368151577275736
4,2244545796,4|2244545796,ROS–Truth,0.731252928153449,0.31100299401197606,0.451086305392467
4,2244545796,4|2244545796,Random Allocation,0.8446218433357524,0.8267215568862275,0.8326883190360691
4,2244545796,4|2244545796,Structures–Exposure,0.7537778920969712,0.23877245508982037,0.41044093409220395
4,2244545796,4|2244545796,Structures–Outcome (Mean),0.7594091330828519,0.2432634730538922,0.4153120263968787
4,2244545796,4|2244545796,Structures–Outcome (Truth),0.7291492508520352,0.19498502994011976,0.3730397702440915
4,2244545796,4|2244545796,Wind–Mean,0.8805772710987809,0.8293413173652695,0.8464199686097732
4,2244545796,4|2244545796,Wind–Mean Lookahead,0.8586586071635265,0.8866017964071856,0.8772873999926325
4,2244545796,4|2244545796,Wind–Truth,0.8067923973653509,0.8188622754491018,0.8148389827545182
4,2244545796,4|2244545796,Wind–Truth Lookahead,0.8615063799296324,0.8832335329341318,0.8759911485992986
5,2244545797,5|2244545797,MCTS,0.674953868584316,0.13737173121482954,0.3165657770046584
5,2244545797,5|2244545797,ROS–Mean,0.7562590649181025,0.20456802383316783,0.38846503752814604
5,2244545797,5|2244545797,ROS–Truth,0.7254668195521266,0.2247600132406488,0.3916622820111414
5,2244545797,5|2244545797,Random Allocation,0.7429777733903363,0.2512413108242304,0.4151534650129324
5,2244545797,5|2244545797,Structures–Exposure,0.7716665780740988,0.17874875868917578,0.3763880318174834
5,2244545797,5|2244545797,Structures–Outcome (Mean),0.7285118726696991,0.12744124462098644,0.32779812063722397
5,2244545797,5|2244545797,Structures–Outcome (Truth),0.7607924731754361,0.1529294935451837,0.3555504867552678
5,2244545797,5|2244545797,Wind–Mean,0.7497816826006728,0.6557431314134392,0.687089315142517
5,2244545797,5|2244545797,Wind–Mean Lookahead,0.7611190000683429,0.5547831843760345,0.6235617896068039
5,2244545797,5|2244545797,Wind–Truth,0.7697074167166582,0.7480966567361801,0.7553002433963394
5,2244545797,5|2244545797,Wind–Truth Lookahead,0.8565028210404817,0.7484276729559748,0.7844527223174771
6,2244545798,6|2244545798,MCTS,0.699218998031621,0.15734265734265734,0.33796810423897855
6,2244545798,6|2244545798,ROS–Mean,0.701867692279782,0.29895104895104896,0.4332565967272933
6,2244545798,6|2244545798,ROS–Truth,0.7276743194579247,0.36655011655011654,0.48692485085271925
6,2244545798,6|2244545798,Random Allocation,0.7416343894850467,0.8076923076923077,0.7856730016232206
6,2244545798,6|2244545798,Structures–Exposure,0.7436299810418802,0.10722610722610723,0.3193607318313649
6,2244545798,6|2244545798,Structures–Outcome (Mean),0.772983318668759,0.2564102564102564,0.4286012771630906
6,2244545798,6|2244545798,Structures–Outcome (Truth),0.7718676015710748,0.2406759906759907,0.417739860974352
6,2244545798,6|2244545798,Wind–Mean,0.7025752201953865,0.6724941724941725,0.6825211883945772
6,2244545798,6|2244545798,Wind–Mean Lookahead,0.6352875012472448,0.4155011655011655,0.4887632774165252
6,2244545798,6|2244545798,Wind–Truth,0.6926244750233574,0.6520979020979021,0.6656067597397205
6,2244545798,6|2244545798,Wind–Truth Lookahead,0.6312963181335777,0.44405594405594406,0.5064694020818219
7,2244545799,7|2244545799,MCTS,0.6704564536681253,0.13176638176638178,0.31132973906696293
7,2244545799,7|2244545799,ROS–Mean,0.6901824431778895,0.17058404558404558,0.3437835114486602
7,2244545799,7|2244545799,ROS–Truth,0.7220087517409642,0.37286324786324787,0.4892450824891533
7,2244545799,7|2244545799,Random Allocation,0.81938421723283,0.8297720797720798,0.8263094589256631
7,2244545799,7|2244545799,Structures–Exposure,0.7105406126218675,0.16381766381766383,0.3460586467523984
7,2244545799,7|2244545799,Structures–Outcome (Mean),0.7185317621027885,0.15562678062678062,0.3432617744521166
7,2244545799,7|2244545799,Structures–Outcome (Truth),0.719470154192637,0.1477920227920228,0.33835139992556085
7,2244545799,7|2244545799,Wind–Mean,0.7954404022244831,0.5220797720797721,0.613199982128009
7,2244545799,7|2244545799,Wind–Mean Lookahead,0.7320643638195521,0.37250712250712253,0.4923595362779324
7,2244545799,7|2244545799,Wind–Truth,0.7928919268646839,0.5377492877492878,0.6227968341210864
7,2244545799,7|2244545799,Wind–Truth Lookahead,0.747049003822713,0.38782051282051283,0.5075633431545795
8,2244545800,8|2244545800,MCTS,0.640988112358212,0.13732876712328768,0.3052152155349291
8,2244545800,8|2244545800,ROS–Mean,0.7093611988052793,0.34691780821917806,0.46773227174787846
8,2244545800,8|2244545800,ROS–Truth,0.7019154675493758,0.28664383561643836,0.4250677129274175
8,2244545800,8|2244545800,Random Allocation,0.8677467940808564,0.888013698630137,0.8812580637803769
8,2244545800,8|2244545800,Structures–Exposure,0.7297837759643285,0.19863013698630136,0.37568134997897706
8,2244545800,8|2244545800,Structures–Outcome (Mean),0.7418330964881676,0.15445205479452054,0.35024573535906955
8,2244545800,8|2244545800,Structures–Outcome (Truth),0.75037654126637,0.18047945205479451,0.370445148458653
8,2244545800,8|2244545800,Wind–Mean,0.8794302100972625,0.8784246575342466,0.8787598417219186
8,2244545800,8|2244545800,Wind–Mean Lookahead,0.8258039262404588,0.6321917808219178,0.6967291626280981
8,2244545800,8|2244545800,Wind–Truth,0.8794387195044121,0.8784246575342466,0.8787626781909684
8,2244545800,8|2244545800,Wind–Truth Lookahead,0.8053047644170631,0.7708904109589041,0.7823618621116237
9,2244545801,9|2244545801,MCTS,0.6612376545064808,0.14411635081533716,0.316490118712385
9,2244545801,9|2244545801,ROS–Mean,0.6872207865055993,0.25782282944028206,0.40095548179538776
9,2244545801,9|2244545801,ROS–Truth,0.7057615641965663,0.2260907888937858,0.38598104732804595
9,2244545801,9|2244545801,Random Allocation,0.7384959031993109,0.6619656236227413,0.6874757168149311
9,2244545801,9|2244545801,Structures–Exposure,0.732505959893423,0.21992066989863376,0.3907824332302302
9,2244545801,9|2244545801,Structures–Outcome (Mean),0.7026864595228078,0.20317320405464961,0.3696776225440357
9,2244545801,9|2244545801,Structures–Outcome (Truth),0.6441593044453793,0.1604230938739533,0.32166849739776193
9,2244545801,9|2244545801,Wind–Mean,0.8131698619708716,0.7589246364037021,0.7770063782594252
9,2244545801,9|2244545801,Wind–Mean Lookahead,0.7358414968848288,0.3887174966945791,0.5044254967579956
9,2244545801,9|2244545801,Wind–Truth,0.8131698619708716,0.7589246364037021,0.7770063782594252
9,2244545801,9|2244545801,Wind–Truth Lookahead,0.7617444958631328,0.5918907007492288,0.6485086324538634
